,Name,Material,Color,Price,URL,Image,Brand_name,Description,Category
0,A.BCH Dust Mask,{'Organic Cotton': '100%'},black,"('AUD', '33')",https://abch.world/products/a-00,https://cdn.shopify.com/s/files/1/1637/8509/products/A00-Dust-Mask-Black-2jpgweba_32b78c13-bce1-4282-99b8-3366f1b95789.jpg?v=1609674754,A.BCH,"[""Our 2 ply 100% organic cotton mask is crafted from a thick, rib outer and light jersey inner. We feel it's the right balance of coverage and breathability for extended wear for civilian/ community protection. Ties comfortably around the head, taking pressure off the ears and finished with a bendable wire nose.""]",['dust mask']
1,Linen Joggers,{'Organic Linen': '100%'},black,"('AUD', '310')",https://abch.world/products/a-32,https://cdn.shopify.com/s/files/1/1637/8509/products/A14-SS-Skivvy-Cherry-A32-Linen-Jogger-Detailjpgwebal_03ce9ca3-72aa-4219-8091-e417ff239fba.jpg?v=1607926570,A.BCH,"['Constructed from our signature, medium weight organic white linen, these joggers are an elevated take on trans-seasonal comfort. The unisex cut is slightly dropped through the crotch allowing them to be worn high on the waist or lower on the hips and feature an elastic waistband (biodegradable, naturally) and double cord drawstring.']",['joggers']
2,Rib T-shirt,{'Organic Cotton': '100%'},grey marle,"('AUD', '80')",https://abch.world/products/organic-cotton-rib-t-shirt-grey-marle,https://cdn.shopify.com/s/files/1/1637/8509/products/A35-Baby-Tshirt-Grey-Marle_A25-Skirt-Front-2jpgwebcn.jpg?v=1611365364,A.BCH,"['The perfect GOTS organic rib t-shirt in grey marle with raw hems, cap sleeves, high neck band and our signature contrast back-tack on the sides and centre back neck. Figure hugging and made from our much loved signature organic, softly structured rib.']",['t-shirt']
3,Rib T-shirt,{'Organic Cotton': '100%'},black,"('AUD', '80')",https://abch.world/products/organic-cotton-rib-t-shirt-black,https://cdn.shopify.com/s/files/1/1637/8509/products/A35-Baby-Tshirt-Black-A32-OL-Jogger.-Black-Frontjpgwebcb_31b115f9-1b33-46cc-9a07-7280a97a84ee.jpg?v=1605303783,A.BCH,"['The perfect GOTS organic rib t-shirt in black with raw hems, cap sleeves, high neck band and our signature contrast back-tack on the sides and centre back neck. Figure hugging and made from our much loved signature organic, softly structured rib.']",['t-shirt']
4,Rib T-shirt,{'Organic Cotton': '100%'},undyed,"('AUD', '80')",https://abch.world/products/organic-cotton-rib-t-shirt-undyed,https://cdn.shopify.com/s/files/1/1637/8509/products/A35-Baby-Tshirt-Undyed-A35-Undyed-Trackpant-Back-2jpgwebcq.jpg?v=1605303410,A.BCH,"['The perfect GOTS organic rib t-shirt in undyed with raw hems, cap sleeves, high neck band and our signature contrast back-tack on the sides and centre back neck. Figure hugging and made from our much loved signature organic, softly structured rib.']",['t-shirt']
5,Rib T-shirt,{'Organic Cotton': '100%'},cherry,"('AUD', '80')",https://abch.world/products/organic-cotton-rib-t-shirt-cherry,https://cdn.shopify.com/s/files/1/1637/8509/products/A35-Baby-Tshirt-Cherry-A35-Undyed-Trackpant-Seatedjpgwebcj.jpg?v=1603860902,portrait-large,"['The perfect GOTS organic rib t-shirt in cherry with raw hems, cap sleeves, high neck band and our signature contrast back-tack on the sides and centre back neck. Figure hugging and made from our much loved signature organic, softly structured rib.']",['t-shirt']
6,Skivvy Set,{'Organic Cotton': '100%'},black + grey marle,"('AUD', '170')",https://abch.world/products/organic-cotton-long-sleeve-short-sleeve-skivvy-set,https://cdn.shopify.com/s/files/1/1637/8509/products/A.14_set_3_262011f1-0194-4c68-a87b-6c667b0d3ded.jpg?v=1605697958,A.BCH,"['2-SET. Long + short sleeve combo for varying climates and occasions. Both featuring a raw mock neck and hem, these skivvies are fan favourites for their timeless appeal and flattering cut. Made from our signature organic, softly structured rib.']",['set']
7,Fitted T-shirt Set,{'Organic Cotton': '100%'},black + white,"('AUD', '125')",https://abch.world/products/a-02-set,https://cdn.shopify.com/s/files/1/1637/8509/products/A.02_Set_3.jpg?v=1605692670,A.BCH,"['2-SET. A crisp white and soft black tee to tuck into something high-waisted or rest upon the hip-bone. Best worn fitted, so order your regular size (for baggier, oversized fits, try the A.01 SET in a larger size). Featuring shoulder yoke detailing and ladder top-stitches for a touch of nostalgia.']",['set']
8,Boy Cut T-Shirt Set,{'Organic Cotton': '100%'},black + white,"('AUD', '145')",https://abch.world/products/organic-cotton-boy-cut-t-shirt-set-black-white,https://cdn.shopify.com/s/files/1/1637/8509/products/A.01_set_3.jpg?v=1608095999,A.BCH,"['2-SET. A crisp white and soft black tee with a tailored fit, scooped neck and extra length in the sleeve and body. The side split detail is finished with organic cotton tape. For a looser fit, order a size up.']",['set']
9,Mock Neck Skivvy,{'Organic Cotton': '100%'},black,"('AUD', '95')",https://abch.world/products/organic-cotton-mock-neck-skivvy-black,https://cdn.shopify.com/s/files/1/1637/8509/products/A36-Mens-Skivvy-Black-A10-Linen-Font-Seatedjpgwebbf.jpg?v=1604260557,A.BCH,"[""Our all-time favourite skivvy's older brother, the mock neck. The A.36 features an elongated raw hem and sleeves and is made from our signature GOTS organic cotton rib. Available in 4 colours, the A.36 is your new go-to shirt.""]",['skivvy']
10,Mock Neck Skivvy,{'Organic Cotton': '100%'},grey marle,"('AUD', '95')",https://abch.world/products/organic-cotton-mock-neck-skivvy-grey-marle,https://cdn.shopify.com/s/files/1/1637/8509/products/A36-Mens-Skivvy-Grey-Marle-A.32-OC-Jogger-Frontjpgwebbm_b353aa87-9e34-450e-be12-683d6ddf5bdc.jpg?v=1604261525,A.BCH,"[""Our all-time favourite skivvy's older brother - with a mock neck in grey marle. The A.36 features an elongated raw hem and sleeves and is made from our signature GOTS organic cotton rib. Available in 4 colours, the A.36 is your new go-to shirt.""]",['skivvy']
11,Mock Neck Skivvy,{'Organic Cotton': '100%'},undyed,"('AUD', '95')",https://abch.world/products/organic-cotton-mock-neck-skivvy-undyed,https://cdn.shopify.com/s/files/1/1637/8509/products/A36-Mens-Skivvy-Undyed-A32-Linen-Front-2jpgwebbu_c3fa287e-0133-41ec-bfb3-6baeb26b7768.jpg?v=1604273549,portrait-large,"[""Our all-time favourite skivvy's older brother - with a mock neck in Undyed. The A.36 features an elongated raw hem and sleeves and is made from our signature dye-free GOTS organic cotton rib. Available in 4 colours, the A.36 is your new go-to shirt.""]",['skivvy']
12,Mock Neck Skivvy,{'Organic Cotton': '100%'},cherry,"('AUD', '95')",https://abch.world/products/organic-cotton-mock-neck-skivvy-cherry,https://cdn.shopify.com/s/files/1/1637/8509/products/A36-Mens-Skivvy-Red-A32-Linen-Frontjpgwebbo_307deb4c-a9f3-4388-b15c-c3605a97fafc.jpg?v=1604274207,A.BCH,"[""Our all-time favourite skivvy's older brother, a mock neck in Cherry red. The A.36 features an elongated raw hem and sleeves and is made from our signature GOTS organic cotton rib. Available in 4 colours, the A.36 is your new go-to shirt.""]",['skivvy']
13,Double Fleece Hoodie (Preorder),{'Organic Cotton': '100%'},sandshell,"('AUD', '295')",https://abch.world/products/organic-cotton-double-fleece-hoodie-sandshell-marle,https://cdn.shopify.com/s/files/1/1637/8509/products/RL-Double-Fleece-Hoodie_A32-Jogger-OL-Black-CroppedSML_e8c6df90-ccc0-4552-83d6-bdff9114e451.jpg?v=1603254424,A.BCH,"['The double fleece hoodie is made in-house at A.BCH HQ/Studio in Melbourne. One Preorders close on Feb 13th 2021, these will go into local production. Each hoodie will be cut with minimal waste, constructed and embroidered before being trimmed, pressed and packed. Please note, this Preorder will ship Feb 26th 2021.']",['hoodie (preorder)']
14,Hemp Joggers,{'Hemp': '100%'},ivory,"('AUD', '490')",https://abch.world/products/hemp-joggers-ivory,https://cdn.shopify.com/s/files/1/1637/8509/products/A34-SS-Fine-Wool-Skivvy-Ivory-RL-Hemp-Jogger-FrontSML.jpg?v=1602809689,A.BCH,"['A limited edition take on our A.32 jogger - featuring our favourite hemp fabric. Constructed from a soft heavy-weight woven hemp, these joggers are an elevated classic. The unisex cut is slightly dropped through the crotch allowing them to be worn high on the waist or lower on the hips and feature an elastic waistband (biodegradable, naturally) and contrasting un-dyed double cord drawstring. Made to order + available for a limited time.']",['joggers']
15,Sleeveless Skivvy Dress,{'Organic Cotton': '100%'},cherry,"('AUD', '145')",https://abch.world/products/organic-cotton-sleeveless-skivvy-dress-cherry,https://cdn.shopify.com/s/files/1/1637/8509/products/A14-NS-Skivvy-Dress-Cherry-Front-1jpgwebt_9041430d-5703-4195-8566-da3b21117ba2.jpg?v=1602808138,portrait-large,"['The oh-so-elegant A.14 sleeveless skivvy dress is endlessly comfortable and sophisticated. This cut is fairly relaxed, so for a more fitted look, order down a size. Made from our signature organic, softly structured rib in limited edition Cherry.']",['dress']
16,Long Sleeve Skivvy Dress,{'Organic Cotton': '100%'},cherry,"('AUD', '150')",https://abch.world/products/organic-cotton-long-sleeve-skivvy-dress-cherry,https://cdn.shopify.com/s/files/1/1637/8509/products/A14-LS-Skivvy-Dress-Cherry-Sidejpgwebr_8db82b70-c68c-4faf-afaf-72920ea465e4.jpg?v=1602808302,A.BCH,"['The oh-so-elegant A.14 long sleeve skivvy dress is endlessly comfortable, cosy and sophisticated. This cut is fairly relaxed, so for a more fitted look, order down a size. Made from our signature organic, softly structured rib in limited edition Cherry.']",['dress']
17,Long Sleeve Skivvy,{'Organic Cotton': '100%'},cherry,"('AUD', '90')",https://abch.world/products/organic-cotton-long-sleeve-skivvy-cherry,https://cdn.shopify.com/s/files/1/1637/8509/products/A14-LS-Skivvy-Cherry-A32-Linen-Jogger-White-Frontjpgwebl.jpg?v=1602660482,A.BCH,"['Drama club sans the drama. The A.14 is a fan favourite for its timeless appeal and flattering cut. The long sleeve skivvy is cosy with a relaxed fit and raw hems - perfect for layering. Made from our signature organic, softly structured rib in limited edition Cherry.']",['skivvy']
18,Short Sleeve Skivvy,{'Organic Cotton': '100%'},cherry,"('AUD', '85')",https://abch.world/products/organic-cotton-short-sleeve-skivvy-cherry,https://cdn.shopify.com/s/files/1/1637/8509/products/A14-SS-Skivvy-Cherry-A32-Linen-Jogger-Front-2jpgwebam.jpg?v=1602660132,A.BCH,"['The A.14 is a fan favourite for its timeless appeal and flattering cut. The short sleeve skivvy is like an elevated tee with a relaxed fit and raw hems. Made from our signature organic, softly structured rib in limited edition Cherry.']",['skivvy']
19,Sleeveless Skivvy,{'Organic Cotton': '100%'},cherry,"('AUD', '80')",https://abch.world/products/organic-cotton-sleeveless-skivvy-cherry,https://cdn.shopify.com/s/files/1/1637/8509/products/A14-Sleeveless-Skivvy-Cherry-A10-Linen-Trouser-Front-2jpgwebae.jpg?v=1602658938,portrait-large,"['The A.14 is a fan favourite for its timeless appeal and flattering cut. This sleeveless skivvy has a relaxed fit and raw hem. Made from our signature organic, softly structured rib in limited edition Cherry.']",['skivvy']
20,Sleeveless Skivvy Dress,{'Organic Cotton': '100%'},grey marle,"('AUD', '145')",https://abch.world/products/organic-cotton-sleeveless-skivvy-dress-grey-marle,https://cdn.shopify.com/s/files/1/1637/8509/products/A14-NS-Skivvy-Dress-Grey-Marle-Backjpgweby.jpg?v=1602676398,portrait-large,"['The oh-so-elegant A.14 sleeveless skivvy dress is endlessly comfortable and sophisticated. This cut is fairly relaxed, so for a more fitted look, order down a size. Made from our signature organic, softly structured rib in lush grey marle.']",['dress']
21,Linen Joggers,{'Organic Linen': '100%'},black,"('AUD', '310')",https://abch.world/products/organic-linen-jogger-black-mens,https://cdn.shopify.com/s/files/1/1637/8509/products/A15-Fan-Tshirt-White_A32-OL-Jogger-Sidejpgwebat.jpg?v=1602673211,portrait-large,"['Constructed from our signature, medium weight organic linen, these joggers are an elevated take on trans-seasonal comfort. The unisex cut is slightly dropped through the crotch allowing them to be worn high on the waist or lower on the hips and feature an elastic waistband (biodegradable, naturally) and double cord drawstring.']",['joggers']
22,Long Sleeve Skivvy Dress,{'Organic Cotton': '100%'},grey marle,"('AUD', '150')",https://abch.world/products/organic-cotton-long-sleeve-skivvy-dress-grey-marle,https://cdn.shopify.com/s/files/1/1637/8509/products/A14-Dress-Grey-LS-FrontSML.jpg?v=1601519656,A.BCH,"['The oh-so-elegant A.14 long sleeve skivvy dress is endlessly comfortable, cosy and sophisticated. This cut is fairly relaxed, so for a more fitted look, order down a size. Made from our signature organic, softly structured rib in dreamy grey marle.']",['dress']
23,Long Sleeve Skivvy Dress,{'Organic Cotton': '100%'},black,"('AUD', '150')",https://abch.world/products/organic-cotton-long-sleeve-skivvy-dress-black,https://cdn.shopify.com/s/files/1/1637/8509/products/A14-Dress-LS-Black-Front-Cropped-edit-SML.jpg?v=1603780068,A.BCH,"['The oh-so-elegant A.14 long sleeve skivvy dress is endlessly comfortable, cosy and sophisticated. This cut is fairly relaxed, so for a more fitted look, order down a size. Made from our signature organic, softly structured rib in luxe Black.']",['dress']
24,Long Sleeve Skivvy Dress,{'Organic Cotton': '100%'},undyed,"('AUD', '150')",https://abch.world/products/organic-cotton-long-sleeve-skivvy-dress-undyed,https://cdn.shopify.com/s/files/1/1637/8509/products/A14-Dress-LS-Undyed-FrontSML.jpg?v=1601519785,A.BCH,"['The oh-so-elegant A.14 long sleeve skivvy dress is endlessly comfortable, cosy and sophisticated. This cut is fairly relaxed, so for a more fitted look, order down a size. Made from our signature organic, softly structured rib in Undyed.']",['dress']
25,Sleeveless Skivvy Dress,{'Organic Cotton': '100%'},sage,"('AUD', '145')",https://abch.world/products/organic-cotton-sleeveless-skivvy-dress-sage,https://cdn.shopify.com/s/files/1/1637/8509/products/A14-Dress-NS-Sage-Dress-FrontSML.jpg?v=1601519886,A.BCH,"['The oh-so-elegant A.14 sleeveless skivvy dress is endlessly comfortable and sophisticated. This cut is fairly relaxed, so for a more fitted look, order down a size. Made from our signature organic, softly structured rib in limited edition Sage.']",['dress']
26,Sleeveless Skivvy Dress,{'Organic Cotton': '100%'},undyed,"('AUD', '145')",https://abch.world/products/organic-cotton-sleeveless-skivvy-dress-undyed,https://cdn.shopify.com/s/files/1/1637/8509/products/A14-Dress-NS-Undyed-Dress-Front-CroppedSML.jpg?v=1601519962,portrait-large,"['The oh-so-elegant A.14 sleeveless skivvy dress is endlessly comfortable and sophisticated. This cut is fairly relaxed, so for a more fitted look, order down a size. Made from our signature organic, softly structured rib in Undyed.']",['dress']
27,Sleeveless Skivvy Dress,{'Organic Cotton': '100%'},black,"('AUD', '145')",https://abch.world/products/organic-cotton-sleeveless-skivvy-dress-black,https://cdn.shopify.com/s/files/1/1637/8509/products/A14-Dress-NS-Black-Front-LSML.jpg?v=1601520005,A.BCH,"['The oh-so-elegant A.14 sleeveless skivvy dress is endlessly comfortable and sophisticated. This cut is fairly relaxed, we recommend ordering down a size. Made from our signature organic, softly structured rib in luxe Black.']",['dress']
28,Fine Crop T-shirt,{'Organic Cotton': '100%'},charcoal stripe,"('AUD', '75')",https://abch.world/products/organic-cotton-fine-crop-t-shirt-charcoal-stripe,https://cdn.shopify.com/s/files/1/1637/8509/products/A03-Crop_A32-Jogger-OC-Terry-Back-CroppedSML.jpg?v=1601187404,portrait-large,"[""Lightweight, Japanese jersey, the A.03 is a super light-weight, slim fit tee with fine, yarn-dyed charcoal stripes. Like a good mullet, it's longer in the back and features a raw, rolled hem. It's beautiful fitted but for an oversized look, order two sizes up.Questions about fit? Ask us. For a longer cut, see the A.03 Classic. Worn with the A.32 Joggers.""]",['t-shirt']
29,Boy Cut Crop T-shirt,{'Organic Cotton': '100%'},black,"('AUD', '75')",https://abch.world/products/organic-cotton-boy-cut-crop-t-shirt-black,https://cdn.shopify.com/s/files/1/1637/8509/products/A01_Black-Crop_A10-Olive-Front-Crop-2SML.jpg?v=1601186910,portrait-large,"[""Luxuriously soft black t-shirt with a traditional tailored men's fit, but cropped to fall around the hip bone. The neck is slightly scooped and the sleeve is elongated. For a looser fit, order a size up.Questions about fit? Ask us. For a longer cut, see the A.01 Classic.""]",['t-shirt']
30,Boy Cut Crop T-shirt,{'Organic Cotton': '100%'},white,"('AUD', '75')",https://abch.world/products/organic-cotton-boy-cut-crop-t-shirt-white,https://cdn.shopify.com/s/files/1/1637/8509/products/A01_White-Crop_A32-Jogger-OL-White-Front-CropSML.jpg?v=1600752209,A.BCH,"[""Luxurious crisp white t-shirt with a traditional tailored men's fit, but cropped to fall around the hip bone. The neck is slightly scooped and the sleeve is elongated. For a looser fit, order a size up.Questions about fit? Ask us. For a longer cut, see the A.01 Classic.""]",['t-shirt']
31,Sleeveless Skivvy,{'Organic Cotton': '100%'},undyed,"('AUD', '80')",https://abch.world/products/organic-cotton-sleeveless-skivvy-undyed,https://cdn.shopify.com/s/files/1/1637/8509/products/A14-NS-Undyed-Skivvy-_A31-Linen-Skirt-FrontSML.jpg?v=1601520071,A.BCH,"['The A.14 is a fan favourite for its timeless appeal and flattering cut. This sleeveless skivvy has a relaxed fit and raw hem. Made from our signature organic, softly structured rib in Undyed.']",['skivvy']
32,Short Sleeve Skivvy,{'Organic Cotton': '100%'},undyed,"('AUD', '85')",https://abch.world/products/organic-cotton-short-sleeve-skivvy-undyed,https://cdn.shopify.com/s/files/1/1637/8509/products/A14-SS-Undyed-Skivvy_A21-Tencel-Shorts-Front-Cropped-2SML.jpg?v=1601520142,A.BCH,"['The A.14 is a fan favourite for its timeless appeal and flattering cut. The short sleeve skivvy is like an elevated tee with a relaxed fit and raw hems. Made from our signature organic, softly structured rib in Undyed.Notably, our Undyed garments use absolutely no chemicals, whiteners or dyes (right down to the threads) making this piece preferable for those with skin sensitivities.']",['skivvy']
33,Long Sleeve Skivvy,{'Organic Cotton': '100%'},undyed,"('AUD', '90')",https://abch.world/products/organic-cotton-long-sleeve-skivvy-undyed,https://cdn.shopify.com/s/files/1/1637/8509/products/A14-LS-Undyed-Skivvy_A07-Black-Dress-FrontSML-cropped.jpg?v=1603279100,A.BCH,"['Drama club sans the drama. The A.14 is a fan favourite for its timeless appeal and flattering cut. The long sleeve skivvy is cosy with a relaxed fit and raw hems - perfect for layering. Made from our signature organic, softly structured rib in Undyed.']",['skivvy']
34,Everyday Joggers,{'Organic Cotton': '100%'},black,"('AUD', '240')",https://abch.world/products/unisex-everyday-joggers-organic-cotton-black-mens,https://cdn.shopify.com/s/files/1/1637/8509/products/A09-Sweater-Grey-Marle-Front-A32-OC-Jogger-Front-3jpgwebh.jpg?v=1602674079,A.BCH,"['Comfy, cool and oh-so-cosy, the Everyday Joggers are constructed from our signature organic cotton french terry. The unisex cut is slightly dropped through the crotch so they can be worn on the waist or hips. Featuring a biodegradable elasticated waistband, false fly front and double cord drawstring.']",['joggers']
35,Everyday Joggers,{'Organic Cotton': '100%'},black,"('AUD', '240')",https://abch.world/products/unisex-every-day-jogger-black-organic-cotton,https://cdn.shopify.com/s/files/1/1637/8509/products/A13-Stone-Crop_A32-Jogger-OC-Terry-Front-2SML.jpg?v=1605211818,A.BCH,"['Comfy, cool and oh-so-cosy, the Everyday Joggers are constructed from our signature organic cotton french terry. The unisex cut is slightly dropped through the crotch so they can be worn on the waist or hips, with a biodegradable elasticated waistband and double cord drawstring.']",['joggers']
36,Linen Joggers,{'Organic Linen': '100%'},black,"('AUD', '310')",https://abch.world/products/organic-linen-joggers-black-unisex,https://cdn.shopify.com/s/files/1/1637/8509/products/A15-Fan-Grey-Crop_A32-Jogger-OL-Black-Front-2SML.jpg?v=1602660699,portrait-large,"['Constructed from our signature, medium weight organic linen, these joggers are an elevated take on trans-seasonal comfort. The unisex cut is slightly dropped through the crotch allowing them to be worn high on the waist or lower on the hips and feature an elastic waistband (biodegradable, naturally) and double cord drawstring.']",['joggers']
37,Fleecy Crop Sweater,{'Organic Cotton': '100%'},undyed,"('AUD', '125')",https://abch.world/products/organic-cotton-fleecy-crop-sweater-undyed,https://cdn.shopify.com/s/files/1/1637/8509/products/A33-Undyed-Crop_A35-Undyed-Tracksuit-Front-2-Cropped-SML.jpg?v=1601513039,A.BCH,"[""Extra cosy, made from a brushed fleecy organic cotton terry that's incredibly warm and soft. A cropped cut with plenty of length in the sleeve, with a wide rib cuff and neckband. This sweater is also completely un-dyed, right down to the threads, and is perfect for sensitive skin or allergies to synthetics.""]",['sweater']
38,A.BCH Dust Mask,{'Organic Cotton': '100%'},sage,"('AUD', '33')",https://abch.world/products/abch-organic-cotton-dust-mask-1,https://cdn.shopify.com/s/files/1/1637/8509/products/Mask_2_Sage_Front.jpg?v=1608957668,A.BCH,"[""Our 2 ply 100% organic cotton mask is crafted from a thick, rib outer and light jersey inner. We feel it's the right balance of coverage and breathability for extended wear for civilian/ community protection. Ties comfortably around the head, taking pressure off the ears and finished with a bendable wire nose.""]",['dust mask']
39,Fleecy Crop Sweater,{'Organic Cotton': '100%'},sage,"('AUD', '125')",https://abch.world/products/organic-cotton-fleecy-sweater-cropped-sage,https://cdn.shopify.com/s/files/1/1637/8509/products/A33-Crop-Sage_A14-Dress-LS-Sage-Front-CroppedSML_03e4a07a-83aa-4bf9-bf0a-5ab66bced33f.jpg?v=1601513425,A.BCH,"[""Extra cosy, made from a brushed fleecy organic cotton terry that's incredibly warm and soft. A classic cut, plenty of length in the body and sleeve, with a wide rib cuff and neckband.""]",['sweater']
40,Fleecy Sweater,{'Organic Cotton': '100%'},undyed,"('AUD', '135')",https://abch.world/products/organic-cotton-fleecey-sweater-classic-undyed,https://cdn.shopify.com/s/files/1/1637/8509/products/A33-Classic-Undyed_A14-Dress-NS-Black-Front-2SML_1bcc99e1-43b4-450b-bc9b-17efa534b9c6.jpg?v=1601513514,A.BCH,"[""Extra cosy, made from a brushed fleecy organic cotton terry that's incredibly warm and soft. A classic cut, plenty of length in the body and sleeve, with a wide rib cuff and neckband. This sweater is also completely un-dyed, right down to the threads, and is perfect for sensitive skin or allergies to synthetics.""]",['sweater']
41,Fleecy Sweater,{'Organic Cotton': '100%'},undyed,"('AUD', '135')",https://abch.world/products/organic-cotton-fleecy-sweater-classic-mens-undyed,https://cdn.shopify.com/s/files/1/1637/8509/products/A33-Sweater-Undyed-A32-Linen-Sidejpgwebay.jpg?v=1602674513,A.BCH,"[""Extra cosy, made from a brushed fleecy organic cotton terry that's incredibly warm and soft. A classic cut, plenty of length in the body and sleeve, with a wide rib cuff and neckband. This sweater is also completely un-dyed, right down to the threads, and is perfect for sensitive skin or allergies to synthetics.""]",['sweater']
42,Bolt Plaid Scarf,{'Organic Cotton': '100%'},black/ beige plaid,"('AUD', '210')",https://abch.world/products/a-26,https://cdn.shopify.com/s/files/1/1637/8509/products/ABCH-Look-11-TS2020-Detail2.jpg?v=1601515671,A.BCH,['The Bolt Plaid Scarf in beige and black. Versatile and classic with a stabilised raw hem finish. The fabric is a luxurious reversible organic cotton gauze milled to perfection in Japan and the perfect feature to any minimalist outfit.'],['scarf']
43,Red Line 2R Wool Coat,{'Recycled Wool': '100%'},multi,"('AUD', '1,300')",https://abch.world/products/redline-2r-wool-coat-recycled,https://cdn.shopify.com/s/files/1/1637/8509/products/ABCH-Look-10-TS2020-Detail2.jpg?v=1584265645,portrait-large,"['The 2R Wool Coat is made entirely in-house at the A.BCH studio by our team of designers and tailors. While replacement linings can be purchased, the woollen outershell is one of a kind. We cut the pieces with zero waste, they are then constructed in-house by our tailors before being trimmed and pressed.']",['2r wool coat']
44,Long Linen Skirt,{'Organic Linen': '100%'},black,"('AUD', '255')",https://abch.world/products/long-linen-skirt-organic-linen,https://cdn.shopify.com/s/files/1/1637/8509/products/A31-Linen-Skirt-Front-2SML.jpg?v=1601514268,A.BCH,"[""Elongating linen skirt with elastic waist (we could stop here, but we won't). Complementary to many shapes and sizes, this skirt is made from organic medium-weight linen and is pocket-free to reduce bulk. Beautifully long splits give it a dressy edge, or room to move through your everyday.""]",['skirt']
45,Super Crop T-shirt,{'Australian Cotton': '100%'},black,"('AUD', '95')",https://abch.world/products/super-crop-tshirt-australian-supply-chain-cotton,https://cdn.shopify.com/s/files/1/1637/8509/products/A10_Olive_A30_Black-Tshirt-FrontSML.jpg?v=1601514359,A.BCH,"['The ASC Super Crop T-Shirt is a lush double jersey with a longer back, extra cropped front and gathered long side ties which can be worn out and down, wrapped around the body or tied loosely in front. The fabric is unique with a fully Australian supply chain from cultivation to construction.']",['t-shirt']
46,Relaxed Hemp Shorts,{'Hemp': '100%'},ivory,"('AUD', '360')",https://abch.world/products/relaxed-hemp-shorts-cream,https://cdn.shopify.com/s/files/1/1637/8509/products/A27-Tailored-Tshirt-Front-2.jpg?v=1607925935,portrait-large,"['Soft and buttery with a luxe weight and drape, these relaxed shorts are a flattering length with a soft bio-elastic waist, deep pockets and bound raw hems.']",['shorts']
47,Relaxed Hemp Jacket,{'Hemp': '100%'},ivory,"('AUD', '645')",https://abch.world/products/relaxed-hemp-jacket-cream,https://cdn.shopify.com/s/files/1/1637/8509/products/A29-Hemp-Panel-Jacket-Side.jpg?v=1611366970,portrait-large,"[""Melt into this relaxed panelled hemp jacket. Fancy enough to throw over a dress and comfy enough to wear every day. Crafted from 100% hemp with natural, un-dyed corozo buttons and a soft oversized collar. It's all in the details, like the raw hemmed cuffs and top-stitching throughout.Worn with the A.28 Shorts.""]",['jacket']
48,Long Sleeve Linen Shirt,{'Organic Linen': '100%'},black,"('AUD', '275')",https://abch.world/products/a-04,https://cdn.shopify.com/s/files/1/1637/8509/products/A04-Mens-Black-Long-Linen-Shirt-Front-2-crop.jpg?v=1601187801,portrait-large,"['A modern linen shirt that looks good on everyone. Long sleeves, smart collar and finished with beautiful corozo buttons and optional chest pockets. The A.04 is made with our black GOTS certified organic linen and is delightfully soft to touch. Fit is true to size with a generous hem length for optimal comfort + coverage.']",['shirt']
49,Tailored T-shirt,{'Hemp / Organic Cotton': '100%'},ivory,"('AUD', '85')",https://abch.world/products/undyed-tailored-t-shirt-hemp,https://cdn.shopify.com/s/files/1/1637/8509/products/A28-Hemp-Shorts-Front-Detail.jpg?v=1601514915,A.BCH,"['Limited edition hemp + organic cotton blended t-shirt. More tailored than previous styles, this slightly cropped gem is a little bit dressy with a gorgeous slubby texture. The fabric has been whitened to a beautiful ivory colour, and is un-dyed and ready to be worn in all its natural glory, or dyed at home to your liking (try turmeric or natural indigo). ']",['t-shirt']
50,Short Sleeve Linen Shirt,{'Organic Linen': '100%'},black,"('AUD', '255')",https://abch.world/products/black-organic-linen-button-up-shirt,https://cdn.shopify.com/s/files/1/1637/8509/products/A04-Black-Linen-Shirt-SS-Front.jpg?v=1601187652,A.BCH,"['A modern collared linen shirt, perfect for the warmer moments in your life. Finished with beautiful corozo buttons and optional chest pockets. The A.04 is made with our black GOTS certified organic linen and is delightfully soft to touch. Fit is true to size with a generous hem length for optimal comfort + coverage.']",['shirt']
51,Short Sleeve Linen Shirt,{'Organic Linen': '100%'},white,"('AUD', '255')",https://abch.world/products/short-sleeve-organic-linen-button-up-shirt,https://cdn.shopify.com/s/files/1/1637/8509/products/A04-White-Linen-SS-Shirt-Back-2.jpg?v=1601187598,A.BCH,['A modern collared linen shirt for the warmer moments in your life. Finished with our beautiful tonal corozo buttons and optional chest pockets. The A.04 is made with our classic white GOTS certified organic linen and is delightfully soft to touch. Fit is true to size with a generous hem length for optimal comfort + coverage.'],['shirt']
52,Palazzo Trousers,{'Linen': '100%'},olive,"('AUD', '275')",https://abch.world/products/linen-palazzo-trousers-olive,https://cdn.shopify.com/s/files/1/1637/8509/products/A10-Green-Long-Linen-Trouser-Front-crop.jpg?v=1601549770,A.BCH,"[""A crowd favourite now in Olive, the A.10 trousers compliment many shapes and sizes. Constructed from a medium-weight linen, these wide-leg trousers with their elastic waist are basically the perfect brunch pant. The long, unattached belt allows for a variety of styling options. Pull 'em up high and cinch the belt below for a paper bag look, wrap the belt around for a more tailored style, wear the belt loose or freestyle without it. The pockets on these guys are almost as deep as our love for them.""]",['trousers']
53,Long Sleeve Skivvy,{'Organic Cotton': '100%'},sage,"('AUD', '90')",https://abch.world/products/organic-cotton-long-sleeve-skivvy-sage,https://cdn.shopify.com/s/files/1/1637/8509/products/A14-LS-Sage-Skivvy-Front-2.jpg?v=1601520386,A.BCH,"['Drama club sans the drama. The A.14 is a fan favourite for its timeless appeal and flattering cut. The long sleeve skivvy is cosy with a relaxed fit and raw hems - perfect for layering. Made from our signature organic, softly structured rib in limited edition Sage.']",['skivvy']
54,Short Sleeve Skivvy,{'Organic Cotton': '100%'},sage,"('AUD', '85')",https://abch.world/products/organic-cotton-short-sleeve-skivvy-sage,https://cdn.shopify.com/s/files/1/1637/8509/products/A14-SS-Sage-Skivvy-Side-Cropped.jpg?v=1603785065,A.BCH,"['The A.14 is a fan favourite for its timeless appeal and flattering cut. The short sleeve skivvy is like an elevated tee with a relaxed fit and raw hems. Made from our signature organic, softly structured rib in limited edition Sage.']",['skivvy']
55,Tencel Lounge Dress,{'Lenzing Tencel': '100%'},black,"('AUD', '355')",https://abch.world/products/black-tencel-lounge-dress,https://cdn.shopify.com/s/files/1/1637/8509/products/A23-Tencel-Dress-FrontSML_041e9a7d-c26a-4ddf-8e86-a493c07a5f5f.jpg?v=1607925190,A.BCH,"['Our answer to the silk dress, the A.23 is made from plant-based Tencel and features a gentle sloped back hem, side splits and an optional belt. Layer it with trousers, wear it belted or loose and breezy for a balmy day/ night out.']",['dress']
56,Tencel Lounge Skirt,{'Lenzing Tencel': '100%'},black,"('AUD', '275')",https://abch.world/products/black-tencel-lounge-skirt,https://cdn.shopify.com/s/files/1/1637/8509/products/A14-SS-Black-Skivvy_A22-Tencel-Skirt-Front-2SML.jpg?v=1601516480,portrait-large,"[""The skirt that will take you from day to night. A dramatic elliptical hemline and a plant-based silk-like handle, this skirt speaks volumes. We've made it with an elastic waistband (biodegradable of course) and pockets. It's light, breathable and perfect for warmer climates, or layer it up in winter for a cosier look. Worn with the A.14 Skivvy.""]",['skirt']
57,Bolt Plaid Skirt,{'Organic Cotton': '100%'},grey/black plaid,"('AUD', '355')",https://abch.world/products/unisex-bolt-plaid-apron-skirt-black,https://cdn.shopify.com/s/files/1/1637/8509/products/A25-Bolt-Plaid-Skirt-Mens-LR.jpg?v=1601515762,portrait-large,"['Our limited edition take on a unisex skirt, made to be worn over pants (or not). The design honours Japanese plaid fabrication, featuring deep box pleats at the front, darts in the back, fastened with a fitted double corozo button waistband. The two overlapping side splits make this apron-esque skirt both a statement and a staple.']",['skirt']
58,Tencel Lounge Shorts,{'Lenzing Tencel': '100%'},black,"('AUD', '220')",https://abch.world/products/black-tencel-lounge-tie-shorts,https://cdn.shopify.com/s/files/1/1637/8509/products/A21-Tencel-Lounge-Shorts-Back_a4f14c0a-70c5-4983-a607-7640f6e98837.jpg?v=1601516575,A.BCH,"['The A.21 shorts are made entirely in-house by the A.BCH team at our HQ in Victoria. Our in-house cutters and tailors plot the pattern with minimal offcuts, then cut, construct, press and trim. The piece is accredited by Ethical Clothing Australia. This is piece is eligible for customisation, so if you need a different length or waist measurement, please get in touch.']",['shorts']
59,Button Up Linen Skirt,{'Organic Linen': '100%'},white,"('AUD', '275')",https://abch.world/products/womens-white-organic-linen-button-skirt,https://cdn.shopify.com/s/files/1/1637/8509/products/A14-NS-Undyed-Skivvy_A20-Skirt-Front-2SML.jpg?v=1601516645,A.BCH,"['Organic linen, a-line midi skirt with corozo button-up placket in the front for desired levels of breeziness and creative control. Semi elasticated (and fully bio-degradable) tailored waistband, plus pockets.']",['skirt']
60,Linen Tie Shirt,{'Organic Linen': '100%'},white,"('AUD', '195')",https://abch.world/products/womens-white-organic-linen-tie-top,https://cdn.shopify.com/s/files/1/1637/8509/products/A19-Linen-Crop-Tie-Shirt-front-crop.jpg?v=1601516730,A.BCH,"['Smart, sleeveless and savvy, an organic linen button-up for the summertime minimalist. Featuring hidden placket in the front and tie in the back. Cropped length sits well with higher waisted bottoms.']",['shirt']
61,Semi-Tailored Linen Trousers,{'Organic Linen': '100%'},undyed,"('AUD', '315')",https://abch.world/products/mens-flax-semi-tailored-trouser,https://cdn.shopify.com/s/files/1/1637/8509/products/A18-MSemi-Tailored-Trouser-Front-crop.jpg?v=1601516789,A.BCH,"['Tailored linen trouser with pleats (the party) in the front, and a biodegradable elastic waist (the business) in the back. Featuring a natural corozo button-down fly atop a tapered leg, the flax colour is unbleached, un-dyed and almost unbelievable. Almost.']",['trousers']
62,Semi-Tailored Linen Trousers,{'Organic Linen': '100%'},undyed,"('AUD', '315')",https://abch.world/products/unisex-flax-semi-tailored-trouser,https://cdn.shopify.com/s/files/1/1637/8509/products/A18-Semi-Tailored-Trouser-Front-cropped.jpg?v=1601516859,portrait-large,"['Tailored linen trouser with pleats (the party) in the front, and a biodegradable elastic waist (the business) in the back. Featuring pockets, belt loops and a natural corozo button-down fly atop a slightly tapered leg. The flax colour is unbleached, undyed and almost unbelievable. Almost.']",['trousers']
63,Linen Signature Shorts,{'Organic Linen': '100%'},undyed,"('AUD', '220')",https://abch.world/products/womens-organic-signature-shorts-flax,https://cdn.shopify.com/s/files/1/1637/8509/products/A13-Zero-Waste-Crop-Sweater-Peach-Front-Full-3_ccd44d91-ea54-4f82-91de-49ce26f5a381.jpg?v=1601517044,A.BCH,"[""Signature shorts in flax (that's linen, for the layman) are a structured cut with paper-bag style elastic waist, mock fly front and deep pockets. Featuring white stitching and A.16 label sitting proudly on the rear left. Un-dyed (unbelievable), the flax colour is 100% au natural with a structured drape.""]",['shorts']
64,Linen Signature Shorts,{'Organic Linen': '100%'},undyed,"('AUD', '220')",https://abch.world/products/unisex-organic-signature-shorts-flax,https://cdn.shopify.com/s/files/1/1637/8509/products/A04-Mens-Black-Long-Linen-Shirt-Front-2.jpg?v=1601517096,A.BCH,"[""Signature shorts in flax (that's linen, for the layman) are a structured cut with paper-bag style elastic waist, mock fly front and deep pockets. Featuring white stitching and A.16 label sitting proudly on the rear left. Un-dyed (unbelievable), the flax colour is 100% au natural with a structured drape.""]",['shorts']
65,Cropped Zero Waste Sweater,{'Organic Cotton': '100%'},peach,"('AUD', '325')",https://abch.world/products/peach-sweater-tee-zero-waste-crop,https://cdn.shopify.com/s/files/1/1637/8509/products/A13-Rosewater-Crop-A28-Relaxed-Shorts-Front-CroppedSML.jpg?v=1601548894,A.BCH,"['The best of Japanese tech on Australian soil, 3D knitted using natural-dyed, organic cotton yarns, the A.13 Crop is an understated drapey staple. The dyes used on these organic yarns are all sourced from varying natural minerals, so the result is a beautiful soft rosewater colour without the use of toxic chemicals.']",['sweater']
66,Cropped Zero Waste Sweater,{'Organic Cotton': '100%'},stone,"('AUD', '325')",https://abch.world/products/grey-sweater-tee-zero-waste-crop,https://cdn.shopify.com/s/files/1/1637/8509/products/A13-Stone-Crop_A32-Jogger-OC-Terry-Front-cropped.jpg?v=1601548636,portrait-large,"['The best of Japanese tech on Australian soil, 3D knitted using natural-dyed, organic cotton yarns, the A.13 Crop Sweater is an understated drapey staple. The dyes used on these organic yarns are all sourced from varying natural minerals, so the result is a beautiful marle effect without the use of toxic chemicals.']",['sweater']
67,Raw Denim Tote Bag,{'Organic Cotton': '100%'},dark indigo,"('AUD', '85')",https://abch.world/products/extra-large-organic-denim-tote,https://cdn.shopify.com/s/files/1/1637/8509/products/ABCH_A17_M_XL_tote_denim.jpg?v=1601516996,portrait-large,"['Super sturdy, XL raw (unwashed/ untreated) denim tote bag with crisp white signature A.BCH A.17 print on one side. Featuring an internal pocket, long straps and plenty of room to carry.']",['bag']
68,Raw Denim Signature Shorts,{'Organic Cotton': '100%'},dark indigo,"('AUD', '195')",https://abch.world/products/unisex-raw-denim-signature-shorts,https://cdn.shopify.com/s/files/1/1637/8509/products/ABCH_A16_Shorts_Denim_Front.jpg?v=1601517159,A.BCH,"['Denim, like cookie dough, is best served raw. Un-washed and untreated to minimise industrial water usage, the signature shorts are a structured cut with a paper bag style waist, mock fly front and real (deep) pockets. Featuring contrast stitching and an A.16 label sitting proudly on the rear left. Wash before wear to avoid dye transfer.']",['shorts']
69,Raw Denim Signature Shorts,{'Organic Cotton': '100%'},dark indigo,"('AUD', '195')",https://abch.world/products/signature-shorts-in-raw-denim,https://cdn.shopify.com/s/files/1/1637/8509/products/ABCH_A16_M_Shorts_Denim_detail.jpg?v=1601517206,A.BCH,"['Denim, like cookie dough, is best served raw. Un-washed and untreated to minimise industrial water usage, the signature shorts are a structured cut with a paper bag style waist, mock fly front and real (deep) pockets. Featuring contrast stitching and an A.16 label sitting proudly on the rear left. Wash before wear to avoid dye transfer.']",['shorts']
70,Classic Crop T-shirt,{'Organic Cotton': '100%'},white,"('AUD', '75')",https://abch.world/products/organic-cotton-white-classic-crop-tee,https://cdn.shopify.com/s/files/1/1637/8509/products/ABCH_A15_White_Cropped_Tshirt_Back_79b62576-b481-4863-86b6-432d335a037b.jpg?v=1611363181,portrait-large,"[""A cropped take on a classic, featuring a relaxed, vintage style neck rib and comfy fit in optic white. If you'd rather wear your heart on your sleeve (or the A.BCH logo on your chest) check out the A.15 Fan Tee.""]",['t-shirt']
71,Classic Crop T-shirt,{'Organic Cotton': '100%'},grey marle,"('AUD', '75')",https://abch.world/products/organic-cotton-grey-cropped-tshirt,https://cdn.shopify.com/s/files/1/1637/8509/products/ABCH_A15_Grey_Cropped_Tshirt_34.jpg?v=1601519435,A.BCH,"[""A cropped take on a classic, featuring a relaxed, vintage style neck rib and comfy fit in grey marle. If you'd rather wear your heart on your sleeve (or the A.BCH logo on your chest) check out the A.15 Fan Tee.""]",['t-shirt']
72,Unisex Classic T-shirt,{'Organic Cotton': '100%'},white,"('AUD', '75')",https://abch.world/products/white-organic-cotton-classic-tshirt,https://cdn.shopify.com/s/files/1/1637/8509/products/ABCH_A15_white_Classic_W_Tshirt_34.jpg?v=1601519144,portrait-large,"[""The new classic. A standard fit with relaxed, vintage style neck rib in optic white. If you'd rather wear your heart on your sleeve (or the A.BCH logo on your chest) check out the A.15 Fan Tee.""]",['t-shirt']
73,Unisex Classic T-shirt,{'Organic Cotton': '100%'},white,"('AUD', '75')",https://abch.world/products/organic-cotton-white-classic-tshirt,https://cdn.shopify.com/s/files/1/1637/8509/products/ABCH_A15_white_Classic_Tshirt_front-close.jpg?v=1601519222,A.BCH,"[""The new classic. A standard fit with relaxed, vintage style neck rib in optic white. If you'd rather wear your heart on your sleeve (or the A.BCH logo on your chest) check out the A.15 Fan Tee.""]",['t-shirt']
74,Unisex Classic T-shirt,{'Organic Cotton': '100%'},grey marle,"('AUD', '75')",https://abch.world/products/unisex-grey-organic-cotton-classic-tshirt,https://cdn.shopify.com/s/files/1/1637/8509/products/A15_Grey_Classic_Tee_Side_Unisexjpg.jpg?v=1601519539,A.BCH,"[""The new classic. A standard fit with relaxed, vintage style neck rib in grey marle. If you'd rather wear your heart on your sleeve (or the A.BCH logo on your chest) check out the A.15 Fan Tee.""]",['t-shirt']
75,Unisex Classic T-shirt,{'Organic Cotton': '100%'},grey marle,"('AUD', '75')",https://abch.world/products/classic-unisex-tshirt-grey-marle,https://cdn.shopify.com/s/files/1/1637/8509/products/A15_Grey_Classic_Tee_Hero.jpg?v=1601519589,A.BCH,"[""The new classic. A standard fit with relaxed, vintage style neck rib in grey marle. If you'd rather wear your heart on your sleeve (or the A.BCH logo on your chest) check out the A.15 Fan Tee.""]",['t-shirt']
76,Sleeveless Skivvy,{'Organic Cotton': '100%'},black,"('AUD', '80')",https://abch.world/products/oragnic-cotton-sleeveless-skivvy-black,https://cdn.shopify.com/s/files/1/1637/8509/products/A14-NS-Black-Skivvy_A22-Tencel-Skirt-Front-CROPPED.jpg?v=1601520743,A.BCH,"['The A.14 is a fan favourite for its timeless appeal and flattering cut. This sleeveless skivvy has a relaxed fit and raw hem. Made from our signature organic, softly structured rib in black.']",['skivvy']
77,Long Sleeve Skivvy,{'Organic Cotton': '100%'},black,"('AUD', '90')",https://abch.world/products/organic-cotton-long-sleeve-skivvy-black,https://cdn.shopify.com/s/files/1/1637/8509/products/A14_LS_Black_Rib_Skivvy_front2.jpg?v=1601520703,A.BCH,"['Drama club sans the drama. The A.14 is a fan favourite for its timeless appeal and flattering cut. The long sleeve skivvy is cosy with a relaxed fit and raw hems - perfect for layering. Made from our signature organic, softly structured rib in black.']",['skivvy']
78,Sleeveless Skivvy,{'Organic Cotton': '100%'},grey marle,"('AUD', '80')",https://abch.world/products/organic-cotton-sleeveless-skivvy-grey-marle,https://cdn.shopify.com/s/files/1/1637/8509/products/A14-NS-Grey_A25-Skirt-Side-CROPPED.jpg?v=1601520792,A.BCH,"[' sleeveless skivvy has a relaxed fit and raw hem. Made from our signature organic, softly structured rib in grey marle.']",['skivvy']
79,Short Sleeve Skivvy,{'Organic Cotton': '100%'},black,"('AUD', '85')",https://abch.world/products/organic-cotton-short-sleeve-skivvy-black,https://cdn.shopify.com/s/files/1/1637/8509/products/A14_SS_Black_Rib_Skivvy_full_2bda772d-a75f-4ae0-8d47-8c9f89c664e1.jpg?v=1601520542,portrait-large,"['The A.14 is a fan favourite for its timeless appeal and flattering cut. The short sleeve skivvy is like an elevated tee with a relaxed fit and raw hems. Made from our signature organic, softly structured rib in black.']",['skivvy']
80,Long Sleeve Skivvy,{'Organic Cotton': '100%'},grey marle,"('AUD', '90')",https://abch.world/products/organic-cotton-long-sleeve-skivvy-grey-marle,https://cdn.shopify.com/s/files/1/1637/8509/products/A14_LS_Grey_Rib_Skivvy_side.jpg?v=1601520596,portrait-large,"['Drama club sans the drama. The A.14 is a fan favourite for its timeless appeal and flattering cut. The long sleeve skivvy is cosy with a relaxed fit and raw hems - perfect for layering. Made from our signature organic, softly structured rib in a cushy grey marle.']",['skivvy']
81,Short Sleeve Skivvy,{'Organic Cotton': '100%'},grey marle,"('AUD', '85')",https://abch.world/products/organic-cotton-short-sleeve-skivvy-grey-marle,https://cdn.shopify.com/s/files/1/1637/8509/products/A14_SS_Grey_Rib_Skivvy_side.jpg?v=1601520656,A.BCH,"['The A.14 is a fan favourite for its timeless appeal and flattering cut. The short sleeve skivvy is like an elevated tee with a relaxed fit and raw hems. Made from our signature organic, softly structured rib in a cushy grey marle.']",['skivvy']
82,Short Linen Dress,{'Organic Linen': '100%'},black,"('AUD', '295')",https://abch.world/products/black-organic-linen-button-up-dress,https://cdn.shopify.com/s/files/1/1637/8509/products/ABCH_A12_Black_Dress_Detail_front.jpg?v=1601549213,A.BCH,"['A modern summer dress, breezy and light with plenty of coverage, the A.12 is a versatile wardrobe staple. The belt and slim belt loops allow for multiple styling options. This LBD is finished with our beautiful tonal corozo buttons, back pleats in the skirt and pockets.']",['dress']
83,Long Linen Dress,{'Organic Linen': '100%'},white,"('AUD', '315')",https://abch.world/products/white-organic-linen-long-button-up-dress,https://cdn.shopify.com/s/files/1/1637/8509/products/A12-Long-White-Linen-Dress-Front-2.jpg?v=1601549356,portrait-large,"['A modern summer dress, breezy and light with plenty of coverage, the A.12 is a versatile wardrobe staple. The extra long belt and slim belt loops provide multiple styling options. Finished with our beautiful tonal corozo buttons, side splits and pockets.']",['dress']
84,Hemp Throw Scarf,{'Hemp': '100%'},burnt henna,"('AUD', '195')",https://abch.world/products/hemp-overseized-throw-scarf-burnt-henna,https://cdn.shopify.com/s/files/1/1637/8509/products/A11-Hemp-Throw-Scarf-Burnt-Henna-Front.jpg?v=1601549455,A.BCH,"['Throw it around your neck or over your sofa for a pop of colour. Featuring a hand frayed hem, made with responsibly laundered hemp for a softened feel that will continue to relax as you do. Also available in a narrower width, the A.11 Mini.']",['scarf']
85,Mini Hemp Throw Scarf,{'Hemp': '100%'},stonewash blue,"('AUD', '145')",https://abch.world/products/hemp-mini-throw-scarf-stonewash-blue,https://cdn.shopify.com/s/files/1/1637/8509/products/A11-Mini-Hemp-Throw-Scarf-Blue-Front.jpg?v=1607051136,A.BCH,"['Throw it around your neck or over your sofa for a pop of colour. Featuring a hand frayed hem, made with responsibly laundered hemp for a softened feel that will continue to soften with wear. Also available in a wider, oversized (OS) version here.']",['scarf']
86,Hemp Throw Scarf,{'Hemp': '100%'},stonewash blue,"('AUD', '195')",https://abch.world/products/hemp-oversized-throw-scarf-stonewash-blue,https://cdn.shopify.com/s/files/1/1637/8509/products/ABCH_Lookbook_A11_M_2.jpg?v=1601549666,A.BCH,"['Throw it around your neck or over your sofa for a pop of colour. Featuring a hand frayed hem, made with responsibly laundered hemp for a softened feel that will continue to relax as you do. Also available in a narrower width, the A.11 Mini.']",['scarf']
87,Palazzo Trousers,{'Organic Linen': '100%'},black,"('AUD', '275')",https://abch.world/products/unisex-organic-linen-palazzo-trousers-black,https://cdn.shopify.com/s/files/1/1637/8509/products/ABCH_Lookbook_A10_M_3_9e447ef8-bec6-4b73-b6d0-4c10890b5df6.jpg?v=1601549829,A.BCH,"[""A crowd favourite, the A.10 compliments many shapes and sizes. Constructed from organic medium-weight linen, these palazzo style trousers with their elastic waist are basically the perfect brunch pant. Featuring a long, detached belt allowing for a variety of styling options. Pull 'em up high and cinch the belts below for a paper bag look, or wrap the belts around for a more tailored style. Leave them loose or freestyle without. The pockets on these guys are almost as deep as our love for them.""]",['trousers']
88,Palazzo Trousers,{'Organic Linen': '100%'},black,"('AUD', '275')",https://abch.world/products/organic-linen-palazzo-trousers-in-black,https://cdn.shopify.com/s/files/1/1637/8509/products/A10-Black-Trousers-FrontSML_7d6de8e5-a5e2-4971-8611-3b116ca739b2.jpg?v=1601549905,A.BCH,"[""A crowd favourite, the A.10 compliments many shapes and sizes. Constructed from organic medium-weight linen, these palazzo style trousers with their elastic waist are basically the perfect brunch pant. Featuring a long, detached belt allowing for a variety of styling options, which can be selected as our default flat linen or in our new doubled organic cotton cord. Pull 'em up high and cinch the belts below for a paper bag look, or wrap the belts around for a more tailored style. Leave them loose or freestyle without. The pockets on these guys are almost as deep as our love for them.""]",['trousers']
89,Signature Sweater,{'Organic Cotton': '100%'},black,"('AUD', '115')",https://abch.world/products/unisex-black-organic-cotton-sweatshirt-pullover,https://cdn.shopify.com/s/files/1/1637/8509/products/ABCH_Shoot2042.jpg?v=1601550454,A.BCH,"['Our signature pullover, constructed from organic french terry. The cut is relaxed through the neckline and width, coupled with a raw, wrist-bone length sleeve, perfect for layering.']",['sweater']
90,Signature Sweater,{'Organic Cotton': '100%'},black,"('AUD', '115')",https://abch.world/products/unisex-grey-organic-cotton-sweatshirt-pullover,https://cdn.shopify.com/s/files/1/1637/8509/products/ABCH_Shoot2057.jpg?v=1601550306,portrait-large,"['Our signature pullover, constructed with organic yarn-dyed french terry. The cut is relaxed through the neckline and width, coupled with a raw, wrist-bone length sleeve, perfect for layering.']",['sweater']
91,Signature Sweater,{'Organic Cotton': '100%'},grey marle,"('AUD', '115')",https://abch.world/products/unisex-organic-cotton-signature-sweater-grey-marle,https://cdn.shopify.com/s/files/1/1637/8509/products/A09-Grey-Sweater_A32-Jogger-OC-Terry-Side-CroppedSML.jpg?v=1601550521,A.BCH,"['Our signature pullover sweatshirt constructed from GOTS organic yarn-dyed french terry. The cut is relaxed through the neckline and width, coupled with a raw, wrist-bone length sleeve, perfect for layering.']",['sweater']
92,Signature Sweater,{'Organic Cotton': '100%'},black,"('AUD', '115')",https://abch.world/products/unisex-organic-cotton-signature-sweater-black,https://cdn.shopify.com/s/files/1/1637/8509/products/ABCH_Shoot2048_c8ab89f6-2aac-432a-b4e8-7280eca5d2d8.jpg?v=1603782497,A.BCH,"['Our signature pullover sweatshirt constructed from GOTS organic french terry. The cut is relaxed through the neckline and width, coupled with a raw, wrist-bone length sleeve, perfect for layering.']",['sweater']
93,Offcut T-shirt,{'Organic Cotton': '100%'},grey marle,"('AUD', '55')",https://abch.world/products/organic-cotton-zero-waste-t-shirt-grey-marle,https://cdn.shopify.com/s/files/1/1637/8509/products/ABCH_Lookbook_A08_4.jpg?v=1601550833,A.BCH,"[""Off-cuts that are on point, this tee is made from the negative space left over from our t-shirt dress. Featuring a centre front + back seam, a super relaxed fit with raw hem that's cropped in the front and a little longer at the back.""]",['t-shirt']
94,Offcut T-shirt,{'Organic Cotton': '100%'},black,"('AUD', '55')",https://abch.world/products/organic-cotton-zero-waste-t-shirt-black,https://cdn.shopify.com/s/files/1/1637/8509/products/ABCH_Shoot2025.jpg?v=1601550904,A.BCH,"[""Off-cuts that are on point, this tee is made from the negative space left over from our t-shirt dress. Featuring a centre front + back seam, a super relaxed fit with raw hem that's cropped at the front and a little longer at the back.""]",['t-shirt']
95,T-shirt Dress,{'Organic Cotton': '100%'},grey marle,"('AUD', '90')",https://abch.world/products/womens-organic-tshirt-dress-grey,https://cdn.shopify.com/s/files/1/1637/8509/products/A07-Grey-Dress-SideSML.jpg?v=1603784269,A.BCH,"[""T-shirt dresses are a tricky thing to master, but we think we're onto something. This popular cut is created from our super soft black organic cotton jersey and features a flattering centre-back pleat for just enough shape without too much cling. The A.07 has an elegant, mid-calf hem with drop shoulder sleeve for a little extra coverage.""]",['dress']
96,T-shirt Dress,{'Organic Cotton': '100%'},black,"('AUD', '90')",https://abch.world/products/womens-tshirt-dress-black,https://cdn.shopify.com/s/files/1/1637/8509/products/A07-Black-Dress-Front-2SML.jpg?v=1603781246,portrait-large,"[""T-shirt dresses are a tricky thing to master, but we think we're onto something. This popular cut is created from our super soft black organic cotton jersey and features a flattering centre-back pleat for just enough shape without the cling. The A.07 has an elegant, mid-calf hem with drop shoulder sleeve for a little extra coverage.""]",['dress']
97,Fitted T-shirt,{'Organic Cotton': '100%'},white,"('AUD', '65')",https://abch.world/products/organic-cotton-fitted-t-shirt-white,https://cdn.shopify.com/s/files/1/1637/8509/products/ABCH_Shoot2002_f125a5d9-eab3-4407-92a9-2806a3e4c34d.jpg?v=1601187129,A.BCH,"[""Luxuriously soft black t-shirt with a traditional tailored men's fit. The neck is slightly scooped with an elongated sleeve and hem. Side split detail in contrast ivory organic cotton tape. For a looser fit, order a size up.Questions about fit? Ask us. For a shorter cut, see the A.01 Crop.""]",['t-shirt']
98,Fine T-shirt,{'Organic Cotton': '100%'},charcoal stripe,"('AUD', '75')",https://abch.world/products/organic-cotton-fine-t-shirt-charcoal-stripe,https://cdn.shopify.com/s/files/1/1637/8509/products/A03-Scoop-A32-Jogger-OC-Terry-Front-DetailSML.jpg?v=1601187255,A.BCH,"[""Lightweight, Japanese jersey, the A.03 is a super light-weight, slim fit tee with fine, yarn-dyed charcoal stripes. Like a good mullet, it's longer in the back and features a raw, rolled hem. It's beautiful fitted but for an oversized look, order two sizes up.Questions about fit? Ask us. For a shorter cut, see the A.03 Crop. Worn with the A.32 Joggers.""]",['t-shirt']
99,Fitted T-shirt,{'Organic Cotton': '100%'},black,"('AUD', '65')",https://abch.world/products/organic-cotton-fitted-t-shirt-black,https://cdn.shopify.com/s/files/1/1637/8509/products/170109_ABCH_01_009.jpg?v=1601187066,A.BCH,"[""Luxuriously soft black t-shirt with a traditional tailored men's fit. The neck is slightly scooped with an elongated sleeve and hem. Side split detail in contrast ivory organic cotton tape. For a looser fit, order a size up.Questions about fit? Ask us. For a shorter cut, see the A.01 Crop.""]",['t-shirt']
100,Boy Cut T-shirt,{'Organic Cotton': '100%'},black,"('AUD', '75')",https://abch.world/products/mens-organic-cotton-boy-cut-t-shirt-black,https://cdn.shopify.com/s/files/1/1637/8509/products/A01-M-Black-Slim-Tshirt-34.jpg?v=1600754085,portrait-large,"[""Luxurious mid-weight, black t-shirt with a traditional tailored men's fit. The neck is slightly scooped with an elongated sleeve and hem. Side split detail in contrast ivory organic cotton tape. For a looser fit, order a size up.Questions about fit? Ask us.""]",['t-shirt']
101,Raw Denim Tote Bag,{'Organic Cotton': '100%'},indigo,"('AUD', '55')",https://abch.world/products/a-06,https://cdn.shopify.com/s/files/1/1637/8509/products/ABCH_lookbook_A06_Red.jpg?v=1607921741,A.BCH,"['Super sturdy, raw denim tote bag with crisp Pantone red 032 A.BCH print front + back which will wear uniquely over time. This tote is perfect for everyday use, fitting for daily essentials like phone, wallet, keys, laptop, a bottle or more of wine.']",['bag']
102,Unisex Button Up Linen Shirt,{'Organic Linen': '100%'},white,"('AUD', '275')",https://abch.world/products/unisex-white-organic-linen-button-up-shirt,https://cdn.shopify.com/s/files/1/1637/8509/products/ABCH_Shoot2033.jpg?v=1601551754,portrait-large,"['Elegant in the everyday, this lightweight shirt is made with organic linen from a carbon neutral mill. A relaxed look through the body, longer in the back with added details in the side split and back yoke. Featuring our beautiful tonal corozo buttons under the hidden placket, this shirt is as nice to make as it is to wear. Due to the unisex cut, we recommend men, or those with broad shoulders, to order up one - two sizes.']",['shirt']
103,Unisex Button Up Linen Shirt,{'Organic Linen': '100%'},black,"('AUD', '275')",https://abch.world/products/unisex-organic-linen-black-button-up-shirt,https://cdn.shopify.com/s/files/1/1637/8509/products/170109_ABCH_06_315.jpg?v=1601551836,A.BCH,"[""Elegant in the everyday, this lightweight shirt is made with organic linen from a carbon neutral mill. A relaxed look through the body, longer in the back with added details in the side split and back yoke. Featuring our beautiful tonal corozo buttons under the hidden placket, it's as nice to make as it is to wear. Due to the unisex cut, we recommend men, or those with broad shoulders, to order up one - two sizes.""]",['shirt']
104,Unisex Button Up Linen Shirt,{'Organic Linen': '100%'},white,"('AUD', '275')",https://abch.world/products/womens-organic-linen-white-button-up-shirt,https://cdn.shopify.com/s/files/1/1637/8509/products/A05-White-Linen-Split-Shirt-front-cropped.jpg?v=1605236692,A.BCH,"[""Elegant in the everyday, this lightweight shirt is made with organic linen from a carbon neutral mill. A relaxed look through the body, longer in the back with added details in the side split and back yoke. Featuring genuine corozo buttons under the hidden placket, it's as nice to make as it is to wear.""]",['shirt']
105,Unisex Button Up Linen Shirt,{'Organic Linen': '100%'},black,"('AUD', '275')",https://abch.world/products/womens-organic-linen-black-button-up-shirt,https://cdn.shopify.com/s/files/1/1637/8509/products/A35-Undyed-Tracksuit_A05-Shirt-Black-Front-CroppedSML.jpg?v=1602203267,A.BCH,"[""Elegant in the everyday, this lightweight shirt is made with organic linen from a carbon neutral mill. A relaxed look through the body, longer in the back with added details in the side split and back yoke. Featuring genuine corozo buttons under the hidden placket, it's as nice to make as it is to wear.""]",['shirt']
106,Boy Cut T-shirt,{'Organic Cotton': '100%'},black,"('AUD', '75')",https://abch.world/products/organic-cotton-boy-cut-t-shirt-black,https://cdn.shopify.com/s/files/1/1637/8509/products/170109_ABCH_07_328.jpg?v=1600751511,A.BCH,"[""Luxuriously soft black t-shirt with a traditional tailored men's fit. The neck is slightly scooped with an elongated sleeve and hem. Side split detail in contrast ivory organic cotton tape. For a looser fit, order a size up.Questions about fit? Ask us. For a shorter cut, see the A.01 Crop.""]",['t-shirt']
107,Boy Cut T-shirt,{'Organic Cotton': '100%'},white,"('AUD', '75')",https://abch.world/products/organic-cotton-boy-cut-t-shirt-white,https://cdn.shopify.com/s/files/1/1637/8509/products/170109_ABCH_05_263_f9810d60-cc14-492e-84ab-1bf951378991.jpg?v=1600751438,A.BCH,"[""Luxurious crisp white t-shirt with a traditional tailored men's fit. The neck is slightly scooped with an elongated sleeve and hem. Side split detail in contrast ivory organic cotton tape. For a looser fit, order a size up.Questions about fit? Ask us. For a shorter cut, see the A.01 Crop.""]",['t-shirt']
108,Short Sleeve Denim Shirt,{'Organic Cotton': '100%'},indigo,"('AUD', '220')",https://abch.world/products/mens-organic-raw-denim-button-up-shirt,https://cdn.shopify.com/s/files/1/1637/8509/products/170109_ABCH_09_444.jpg?v=1601187470,A.BCH,"['A classic denim chambray shirt with button down collar and finished with beautiful tonal corozo buttons. The A.04 is made with raw (un-washed + untreated) GOTS certified organic cotton to minimise water use, so please wash on cold with like-colours before wear. Questions about fit? Ask us.']",['shirt']
109,Boy Cut T-shirt,{'Organic Cotton': '100%'},white,"('AUD', '75')",https://abch.world/products/mens-organic-cotton-boy-cut-t-shirt-white,https://cdn.shopify.com/s/files/1/1637/8509/products/A01-M-White-Slim-Tshirt-Back-Detail.jpg?v=1603793725,A.BCH,"[""Luxurious crisp white t-shirt with a traditional tailored men's fit. The neck is slightly scooped with an elongated sleeve and hem. Side split detail in contrast ivory organic cotton tape. For a looser fit, order a size up.Questions about fit? Ask us.""]",['t-shirt']
