Name,Material,Color,Size,Price,URL,Image,Brand_name,Description
KAYA ZEBRA,"['78% recycled plastic', '22% elastane']",,"['Small', 'Medium', 'Large']",€59.00,https://www.consciousthelabel.com/product-page/kaya-zebra,"https://static.wixstatic.com/media/6733fb_5a343df709df4cec961cd8d9a1df4797~mv2.jpg/v1/fill/w_1500,h_1018,al_c,q_85/6733fb_5a343df709df4cec961cd8d9a1df4797~mv2.jpg",conscious-swimwear,"Kaya bikini top is the next level of basics. Great for the one who needs a very natural push-up effect.  Adjustable back, and you can also wear it tied up behind your neck. Made of 78% recycled plastic and 22% elastane. Ethically produced in our Lisbon atelier and sustainable packaged.   "
OLLIE ZEBRA,"['78% recycled plastic', '22% elastane']",,"['Small (PRE-ORDER ships between 21-25 May)', 'Medium', 'Large']",€65.00,https://www.consciousthelabel.com/product-page/ollie-zebra,"https://static.wixstatic.com/media/6733fb_a232de1c4434461fb87be68b4ae862df~mv2.jpg/v1/fill/w_1500,h_1018,al_c,q_85/6733fb_a232de1c4434461fb87be68b4ae862df~mv2.jpg",conscious-swimwear,"Ollie is our newest addiction. It works perfectly for small and more significant breasts: for small, use it with our padding and have an additional push-up. If you have it bigger, enjoy the extra support from the elastic underneath and the natural lifting effect. This top has adjustable straps and includes removable padding. Made of 78% recycled plastic and 22% elastane. Ethically produced in our Lisbon atelier and sustainable packaged.   "
ZOE ZEBRA,"['78% recycled plastic', '22% elastane']",,"['Small (PRE-ORDER ships between 21-25 May)', 'Medium', 'Large (PRE-ORDER ships between 21-25 May)']",€59.00,https://www.consciousthelabel.com/product-page/zoe-zebra,"https://static.wixstatic.com/media/6733fb_9505c33e75794de794cdb82bf503dfc3~mv2.jpg/v1/fill/w_1500,h_1018,al_c,q_85/6733fb_9505c33e75794de794cdb82bf503dfc3~mv2.jpg",conscious-swimwear,"Zoe bikini top has the perfect high cut – your best friend if you’re looking for something practical with support. With adjustable straps, you will be able to fit it perfectly into your body. Made of 78% recycled plastic and 22% elastane and ethically produced in our Lisbon atelier. Sustainable packaged.   "
TRIANGLE ZEBRA,"['78% recycled plastic', '22% elastane']",,"['Small', 'Medium', 'Large']",€55.00,https://www.consciousthelabel.com/product-page/triangle-zebra,"https://static.wixstatic.com/media/6733fb_d6b22c019b434f43bd8ae0d13a81f99d~mv2.jpg/v1/fill/w_1500,h_1018,al_c,q_85/6733fb_d6b22c019b434f43bd8ae0d13a81f99d~mv2.jpg",conscious-swimwear,"Triangle bikini top is your go-to essential for summer. It works great for every body type, and its minimalist shape is a tan best friend. Adjustable straps & back, and you can also wear it tied up behind your neck. Made of 78% recycled plastic and 22% elastane. Ethically produced in our Lisbon atelier and sustainable packaged.   "
NALA ZEBRA,"['78% recycled plastic', '22% elastane']",,"['Small', 'Medium', 'Large']",€49.00,https://www.consciousthelabel.com/product-page/nala-zebra,"https://static.wixstatic.com/media/6733fb_34d20756267a48a0accaa73dbe8da929~mv2.jpg/v1/fill/w_1500,h_1018,al_c,q_85/6733fb_34d20756267a48a0accaa73dbe8da929~mv2.jpg",conscious-swimwear,Nala bikini bottom is the perfect tan friend with its minimalist shape. Adjustable waist. Made of 78% recycled plastic and 22% elastane. Ethically produced in our Lisbon atelier and sustainable packaged.   
NOAH ZEBRA,"['78% recycled plastic', '22% elastane']",,"['Small', 'Medium', 'Large']",€52.00,https://www.consciousthelabel.com/product-page/noah-zebra,"https://static.wixstatic.com/media/6733fb_b4e6adf63306468d8c3f0ed6d0570312~mv2.jpg/v1/fill/w_1500,h_1018,al_c,q_85/6733fb_b4e6adf63306468d8c3f0ed6d0570312~mv2.jpg",conscious-swimwear,"Perfectly designed to fit your body like no other, our Noah bottoms have a classic inspired Brazilian minimalist shape. Made of 78% recycled plastic and 22% elastane. Ethically produced in our Lisbon atelier and sustainable packaged.Model wears a size small "
SAINT ZEBRA,"['78% recycled plastic', '22% elastane']",,"['Small', 'Medium', 'Large']",€55.00,https://www.consciousthelabel.com/product-page/saint-zebra,"https://static.wixstatic.com/media/6733fb_bf45a3a24b61429cbf67e7e0fc7989e2~mv2.jpg/v1/fill/w_1500,h_1018,al_c,q_85/6733fb_bf45a3a24b61429cbf67e7e0fc7989e2~mv2.jpg",conscious-swimwear,"Saint bikini bottom is for the ones who love the elegance of a high waist but don't want to give up on a cute little back as well. For perfect belly tanning, you can fold them when lying down at the beach. Made of 78% recycled plastic and 22% elastane. Ethically produced in our Lisbon atelier and sustainable packaged.   "
DIXIE ZEBRA,"['78% recycled plastic', '22% elastane']",,"['Small (PRE-ORDER ships between 21-25 May)', 'Medium (PRE-ORDER ships between 21-25 May)', 'Large (PRE-ORDER ships between 21-25 May)']",,https://www.consciousthelabel.com/product-page/dixie-zebra,"https://static.wixstatic.com/media/6733fb_acda4d711e224326a96f6e89faedfaa7~mv2.jpg/v1/fill/w_1500,h_1018,al_c,q_85/6733fb_acda4d711e224326a96f6e89faedfaa7~mv2.jpg",conscious-swimwear,"Dixie is our classic shape bikini bottom, offering a little extra coverage compared to our other bottoms. All edges are sewn with elastic to keep it in the right place from sunrise to sunset.  Made of 78% recycled plastic and 22% elastane. Ethically produced in our Lisbon atelier and sustainable packaged.   "
KAYA SAND,"['78% recycled plastic', '22% elastane']",,"['Small', 'Medium', 'Large']",€59.00,https://www.consciousthelabel.com/product-page/kaya-sand,"https://static.wixstatic.com/media/6733fb_ac9f516f75df43fdbc724536750cd25c~mv2.jpg/v1/fill/w_1500,h_1018,al_c,q_85/6733fb_ac9f516f75df43fdbc724536750cd25c~mv2.jpg",conscious-swimwear,"Kaya bikini top is the next level of basics. Great for the one who needs a very natural push-up effect.  Adjustable back, and you can also wear it tied up behind your neck. Made of 78% recycled plastic and 22% elastane. Ethically produced in our Lisbon atelier and sustainable packaged.     "
OLLIE SAND,"['78% recycled plastic', '22% elastane']",,"['Small (PRE-ORDER ships between 21-25 May)', 'Medium (PRE-ORDER ships between 21-25 May)', 'Large']",€65.00,https://www.consciousthelabel.com/product-page/ollie-sand,"https://static.wixstatic.com/media/6733fb_506060fc6ec7445aae407a8bc038aae7~mv2.jpg/v1/fill/w_1500,h_1018,al_c,q_85/6733fb_506060fc6ec7445aae407a8bc038aae7~mv2.jpg",conscious-swimwear,"Ollie is our newest addiction. It works perfectly for small and more significant breasts: for small, use it with our padding and have an additional push-up. If you have it bigger, enjoy the extra support from the elastic underneath and the natural lifting effect. This top has adjustable straps and includes removable padding. Made of 78% recycled plastic and 22% elastane. Ethically produced in our Lisbon atelier and sustainable packaged.   "
ZOE SAND,"['78% recycled plastic', '22% elastane']",,"['Small', 'Medium', 'Large']",€59.00,https://www.consciousthelabel.com/product-page/zoe-sand,"https://static.wixstatic.com/media/6733fb_447b0507742c4da4937366f23d1c5fe7~mv2.jpg/v1/fill/w_1500,h_1018,al_c,q_85/6733fb_447b0507742c4da4937366f23d1c5fe7~mv2.jpg",conscious-swimwear,"Zoe bikini top has the perfect high cut – your best friend if you’re looking for something practical with support. With adjustable straps, you will be able to fit it perfectly into your body. Made of 78% recycled plastic and 22% elastane and ethically produced in our Lisbon atelier. Sustainable packaged.   "
TRIANGLE SAND,"['78% recycled plastic', '22% elastane']",,"['Small', 'Medium', 'Large']",€55.00,https://www.consciousthelabel.com/product-page/triangle-sand,"https://static.wixstatic.com/media/6733fb_b1cf2d1fe1b24d368b1795a91581cb2f~mv2.jpg/v1/fill/w_1500,h_1018,al_c,q_85/6733fb_b1cf2d1fe1b24d368b1795a91581cb2f~mv2.jpg",conscious-swimwear,"Triangle bikini top is your go-to essential for summer. It works great for every body type, and its minimalist shape is a tan best friend. Adjustable straps & back, and you can also wear it tied up behind your neck. Made of 78% recycled plastic and 22% elastane. Ethically produced in our Lisbon atelier and sustainable packaged.   "
NALA SAND,"['78% recycled plastic', '22% elastane']",,"['Small (PRE-ORDER ships between 21-25 May)', 'Medium', 'Large (PRE-ORDER ships between 21-25 May)']",€49.00,https://www.consciousthelabel.com/product-page/nala-sand,"https://static.wixstatic.com/media/6733fb_684d117ff7a44ff2aa109aa2ec380424~mv2.jpg/v1/fill/w_1500,h_1018,al_c,q_85/6733fb_684d117ff7a44ff2aa109aa2ec380424~mv2.jpg",conscious-swimwear,Nala bikini bottom is the perfect tan friend with its minimalist shape. Adjustable waist. Made of 78% recycled plastic and 22% elastane. Ethically produced in our Lisbon atelier and sustainable packaged.   
NOAH SAND,"['78% recycled plastic', '22% elastane']",,"['Small', 'Medium', 'Large (PRE-ORDER ships between 21-25 May)']",€52.00,https://www.consciousthelabel.com/product-page/noah-sand,"https://static.wixstatic.com/media/6733fb_cee266d0ee5c4b3faad39d3cae002831~mv2.jpg/v1/fill/w_1500,h_1018,al_c,q_85/6733fb_cee266d0ee5c4b3faad39d3cae002831~mv2.jpg",conscious-swimwear,"Perfectly designed to fit your body like no other, our Noah bottoms have a classic inspired Brazilian minimalist shape. Made of 78% recycled plastic and 22% elastane. Ethically produced in our Lisbon atelier and sustainable packaged.Model wears a size small "
SAINT SAND,"['78% recycled plastic', '22% elastane']",,[],€55.00,https://www.consciousthelabel.com/product-page/saint-sand,"https://static.wixstatic.com/media/6733fb_7caf935435aa450390a2c783202a7434~mv2.jpg/v1/fill/w_1500,h_1018,al_c,q_85/6733fb_7caf935435aa450390a2c783202a7434~mv2.jpg",conscious-swimwear,"Saint bikini bottom is for the ones who love the elegance of a high waist but don't want to give up on a cute little back as well. For perfect belly tanning, you can fold them when lying down at the beach. Made of 78% recycled plastic and 22% elastane. Ethically produced in our Lisbon atelier and sustainable packaged.   "
DIXIE SAND,"['78% recycled plastic', '22% elastane']",,[],€55.00,https://www.consciousthelabel.com/product-page/dixie-sand,"https://static.wixstatic.com/media/6733fb_a60e80e9beb8489aa8c45011fa42c446~mv2.jpg/v1/fill/w_1500,h_1018,al_c,q_85/6733fb_a60e80e9beb8489aa8c45011fa42c446~mv2.jpg",conscious-swimwear,"Dixie is our classic shape bikini bottom, offering a little extra coverage compared to our other bottoms. All edges are sewn with elastic to keep it in the right place from sunrise to sunset.  Made of 78% recycled plastic and 22% elastane. Ethically produced in our Lisbon atelier and sustainable packaged.Model 1 wears a size smallModel 2 wears a size medium "
SAND SWIMSUIT,"['78% recycled plastic', '22% elastane']",,"['Small', 'Medium', 'Large (PRE-ORDER ships between 21-25 May)']",€120.00,https://www.consciousthelabel.com/product-page/sand-swimsuit,"https://static.wixstatic.com/media/6733fb_6151676bf7244964bf91f9da1fe23083~mv2.jpg/v1/fill/w_1500,h_1018,al_c,q_85/6733fb_6151676bf7244964bf91f9da1fe23083~mv2.jpg",conscious-swimwear,The sand swimsuit was designed to hug your body like no other: it will keep everything in place with its shaping effect. Adjustable straps. Made of 78% recycled plastic and 22% elastane and ethically produced in our Lisbon atelier. Sustainable packaged.     
KAYA RUST,"['78% recycled plastic', '22% elastane']",,"['Small', 'Medium (PRE-ORDER ships between 21-25 May)', 'Large (PRE-ORDER ships between 21-25 May)']",€59.00,https://www.consciousthelabel.com/product-page/kaya-rust,"https://static.wixstatic.com/media/6733fb_fc902f0e79e0457e96abdc1540a23171~mv2.jpg/v1/fill/w_1500,h_1018,al_c,q_85/6733fb_fc902f0e79e0457e96abdc1540a23171~mv2.jpg",conscious-swimwear,"Kaya bikini top is the next level of basics. Great for the one who needs a very natural push-up effect.  Adjustable back, and you can also wear it tied up behind your neck. Made of 78% recycled plastic and 22% elastane. Ethically produced in our Lisbon atelier and sustainable packaged.   "
OLLIE RUST,"['78% recycled plastic', '22% elastane']",,"['Small (PRE-ORDER ships between 21-25 May)', 'Medium (PRE-ORDER ships between 21-25 May)', 'Large (PRE-ORDER ships between 21-25 May)']",€65.00,https://www.consciousthelabel.com/product-page/ollie-rust,"https://static.wixstatic.com/media/6733fb_2dc4aaf9c55d42aba78688e62379178a~mv2.jpg/v1/fill/w_1500,h_1018,al_c,q_85/6733fb_2dc4aaf9c55d42aba78688e62379178a~mv2.jpg",conscious-swimwear,"Ollie is our newest addiction. It works perfectly for small and more significant breasts: for small, use it with our padding and have an additional push-up. If you have it bigger, enjoy the extra support from the elastic underneath and the natural lifting effect. This top has adjustable straps and includes removable padding. Made of 78% recycled plastic and 22% elastane. Ethically produced in our Lisbon atelier and sustainable packaged.   "
ZOE RUST,"['78% recycled plastic', '22% elastane']",,"['Small', 'Medium', 'Large']",€59.00,https://www.consciousthelabel.com/product-page/zoe-rust,"https://static.wixstatic.com/media/6733fb_140ea114d87c4501bf7935597381b64f~mv2.jpg/v1/fill/w_1500,h_1018,al_c,q_85/6733fb_140ea114d87c4501bf7935597381b64f~mv2.jpg",conscious-swimwear,"Zoe bikini top has the perfect high cut – your best friend if you’re looking for something practical with support. With adjustable straps, you will be able to fit it perfectly into your body. Made of 78% recycled plastic and 22% elastane and ethically produced in our Lisbon atelier. Sustainable packaged.   "
TRIANGLE RUST,"['78% recycled plastic', '22% elastane']",,"['Small', 'Medium', 'Large']",€55.00,https://www.consciousthelabel.com/product-page/triangle-rust,"https://static.wixstatic.com/media/6733fb_c05f62c0a9744a7f9a49ac2a141898ca~mv2.jpg/v1/fill/w_1500,h_1018,al_c,q_85/6733fb_c05f62c0a9744a7f9a49ac2a141898ca~mv2.jpg",conscious-swimwear,"Triangle bikini top is your go-to essential for summer. It works great for every body type, and its minimalist shape is a tan best friend. Adjustable straps & back, and you can also wear it tied up behind your neck. Made of 78% recycled plastic and 22% elastane. Ethically produced in our Lisbon atelier and sustainable packaged.   "
NALA RUST,"['78% recycled plastic', '22% elastane']",,"['Small (PRE-ORDER ships between 21-25 May)', 'Medium', 'Large']",€49.00,https://www.consciousthelabel.com/product-page/nala-rust,"https://static.wixstatic.com/media/6733fb_365e31e1094c4f57b9dd151b88cd4cde~mv2.jpg/v1/fill/w_1500,h_1018,al_c,q_85/6733fb_365e31e1094c4f57b9dd151b88cd4cde~mv2.jpg",conscious-swimwear,Nala bikini bottom is the perfect tan friend with its minimalist shape. Adjustable waist. Made of 78% recycled plastic and 22% elastane. Ethically produced in our Lisbon atelier and sustainable packaged.   
NOAH RUST,"['78% recycled plastic', '22% elastane']",,"['Small (PRE-ORDER ships between 21-25 May)', 'Medium', 'Large']",€52.00,https://www.consciousthelabel.com/product-page/noah-rust,"https://static.wixstatic.com/media/6733fb_b8cbd9d5212849d2826dd6c2ec4c1382~mv2.jpg/v1/fill/w_1500,h_1018,al_c,q_85/6733fb_b8cbd9d5212849d2826dd6c2ec4c1382~mv2.jpg",conscious-swimwear,"Perfectly designed to fit your body like no other, our Noah bottoms have a classic inspired Brazilian minimalist shape. Made of 78% recycled plastic and 22% elastane. Ethically produced in our Lisbon atelier and sustainable packaged.Model 1 wears a size smallModel 2 wears a size medium "
SAINT RUST,"['78% recycled plastic', '22% elastane']",,"['Small', 'Medium', 'Large (PRE-ORDER ships between 21-25 May)']",€55.00,https://www.consciousthelabel.com/product-page/saint-rust,"https://static.wixstatic.com/media/6733fb_b34eab61a8af43f8aba426cab41f1192~mv2.jpg/v1/fill/w_1500,h_1018,al_c,q_85/6733fb_b34eab61a8af43f8aba426cab41f1192~mv2.jpg",conscious-swimwear,"Saint bikini bottom is for the ones who love the elegance of a high waist but don't want to give up on a cute little back as well. For perfect belly tanning, you can fold them when lying down at the beach. Made of 78% recycled plastic and 22% elastane. Ethically produced in our Lisbon atelier and sustainable packaged.   "
DIXIE RUST,"['78% recycled plastic', '22% elastane']",,"['Small (PRE-ORDER ships between 21-25 May)', 'Medium (PRE-ORDER ships between 21-25 May)', 'Large (PRE-ORDER ships between 21-25 May)']",€55.00,https://www.consciousthelabel.com/product-page/dixie-rust,"https://static.wixstatic.com/media/6733fb_cb01bd5ac6e34309af93132e1c13653e~mv2.jpg/v1/fill/w_1500,h_1018,al_c,q_85/6733fb_cb01bd5ac6e34309af93132e1c13653e~mv2.jpg",conscious-swimwear,"Dixie is our classic shape bikini bottom, offering a little extra coverage compared to our other bottoms. All edges are sewn with elastic to keep it in the right place from sunrise to sunset.  Made of 78% recycled plastic and 22% elastane. Ethically produced in our Lisbon atelier and sustainable packaged.Model 1 wears a size small "
RUST SWIMSUIT,"['78% recycled plastic', '22% elastane']",,"['Small', 'Medium', 'Large (PRE-ORDER ships between 21-25 May)']",€120.00,https://www.consciousthelabel.com/product-page/rust-swimsuit,"https://static.wixstatic.com/media/6733fb_525c2a8a967f4fedacefd9c62e105e3b~mv2.jpg/v1/fill/w_1500,h_1018,al_c,q_85/6733fb_525c2a8a967f4fedacefd9c62e105e3b~mv2.jpg",conscious-swimwear,The rust swimsuit was designed to hug your body like no other: it will keep everything in place with its shaping effect. Adjustable straps. Made of 78% recycled plastic and 22% elastane and ethically produced in our Lisbon atelier. Sustainable packaged.   
KAYA BROWN LEOPARD,"['78% recycled plastic', '22% elastane']",,"['Small', 'Medium (PRE-ORDER ships between 21-25 May)', 'Large (PRE-ORDER ships between 21-25 May)']",€59.00,https://www.consciousthelabel.com/product-page/kaya-brown-leopard,"https://static.wixstatic.com/media/6733fb_78ab6fc4ab4b49d88ddf98633a7c8d79~mv2.jpg/v1/fill/w_1500,h_1018,al_c,q_85/6733fb_78ab6fc4ab4b49d88ddf98633a7c8d79~mv2.jpg",conscious-swimwear,"Kaya bikini top is the next level of basics. Great for the one who needs a very natural push-up effect.  Adjustable back, and you can also wear it tied up behind your neck. Made of 78% recycled plastic and 22% elastane. Ethically produced in our Lisbon atelier and sustainable packaged.   "
OLLIE BROWN LEOPARD,"['78% recycled plastic', '22% elastane']",,"['Small (PRE-ORDER ships between 21-25 May)', 'Medium (PRE-ORDER ships between 21-25 May)', 'Large (PRE-ORDER ships between 21-25 May)']",€65.00,https://www.consciousthelabel.com/product-page/ollie-brown-leopard,"https://static.wixstatic.com/media/6733fb_0511a523e5984356be51e3e9f03bf314~mv2.jpg/v1/fill/w_1500,h_1018,al_c,q_85/6733fb_0511a523e5984356be51e3e9f03bf314~mv2.jpg",conscious-swimwear,"Ollie is our newest addiction. It works perfectly for small and more significant breasts: for small, use it with our padding and have an additional push-up. If you have it bigger, enjoy the extra support from the elastic underneath and the natural lifting effect. This top has adjustable straps and includes removable padding. Made of 78% recycled plastic and 22% elastane. Ethically produced in our Lisbon atelier and sustainable packaged.     "
ZOE BROWN LEOPARD,"['78% recycled plastic', '22% elastane']",,"['Small', 'Medium', 'Large']",€59.00,https://www.consciousthelabel.com/product-page/zoe-brown-leopard,"https://static.wixstatic.com/media/6733fb_74980f08c7e54ff3abe112ed9c63cf3e~mv2.jpg/v1/fill/w_1500,h_1018,al_c,q_85/6733fb_74980f08c7e54ff3abe112ed9c63cf3e~mv2.jpg",conscious-swimwear,"Zoe bikini top has the perfect high cut – your best friend if you’re looking for something practical with support. With adjustable straps, you will be able to fit it perfectly into your body. Made of 78% recycled plastic and 22% elastane and ethically produced in our Lisbon atelier. Sustainable packaged.   "
TRIANGLE BROWN LEOPARD,"['78% recycled plastic', '22% elastane']",,"['Small', 'Medium', 'Large']",€55.00,https://www.consciousthelabel.com/product-page/triangle-brown-leopard,"https://static.wixstatic.com/media/6733fb_a2436fa6c3b6408eaee28b15acf8bd53~mv2.jpg/v1/fill/w_1500,h_1018,al_c,q_85/6733fb_a2436fa6c3b6408eaee28b15acf8bd53~mv2.jpg",conscious-swimwear,"Triangle bikini top is your go-to essential for summer. It works great for every body type, and its minimalist shape is a tan best friend. Adjustable straps & back, and you can also wear it tied up behind your neck. Made of 78% recycled plastic and 22% elastane. Ethically produced in our Lisbon atelier and sustainable packaged.   "
NALA BROWN LEOPARD,"['78% recycled plastic', '22% elastane']",,"['Small', 'Medium', 'Large']",€49.00,https://www.consciousthelabel.com/product-page/nala-leopard,"https://static.wixstatic.com/media/6733fb_19104f003f4f43b2b346579fa6db514a~mv2.jpg/v1/fill/w_1500,h_1018,al_c,q_85/6733fb_19104f003f4f43b2b346579fa6db514a~mv2.jpg",conscious-swimwear,Nala bikini bottom is the perfect tan friend with its minimalist shape. Adjustable waist. Made of 78% recycled plastic and 22% elastane. Ethically produced in our Lisbon atelier and sustainable packaged.Model 1 wears a size smallModel 2 wears a size medium 
NOAH BROWN LEOPARD,"['78% recycled plastic', '22% elastane']",,"['Small (PRE-ORDER ships between 21-25 May)', 'Medium (PRE-ORDER ships between 21-25 May)', 'Large']",€52.00,https://www.consciousthelabel.com/product-page/noah-brown-leopard,"https://static.wixstatic.com/media/6733fb_b2043e19a2ac41a6bb8071f4b1e49129~mv2.jpg/v1/fill/w_1500,h_1018,al_c,q_85/6733fb_b2043e19a2ac41a6bb8071f4b1e49129~mv2.jpg",conscious-swimwear,"Perfectly designed to fit your body like no other, our Noah bottoms have a classic inspired Brazilian minimalist shape. Made of 78% recycled plastic and 22% elastane. Ethically produced in our Lisbon atelier and sustainable packaged.   "
SAINT BROWN LEOPARD,"['78% recycled plastic', '22% elastane']",,"['Small', 'Medium', 'Large']",€55.00,https://www.consciousthelabel.com/product-page/saint-brown-leopard,"https://static.wixstatic.com/media/6733fb_83c497bf575e42de84a5af6d7ddce746~mv2.jpg/v1/fill/w_1500,h_1018,al_c,q_85/6733fb_83c497bf575e42de84a5af6d7ddce746~mv2.jpg",conscious-swimwear,"Saint bikini bottom is for the ones who love the elegance of a high waist but don't want to give up on a cute little back as well. For perfect belly tanning, you can fold them when lying down at the beach. Made of 78% recycled plastic and 22% elastane. Ethically produced in our Lisbon atelier and sustainable packaged. "
DIXIE BROWN LEOPARD,"['78% recycled plastic', '22% elastane']",,"['Small (PRE-ORDER ships between 21-25 May)', 'Medium (PRE-ORDER ships between 21-25 May)', 'Large (PRE-ORDER ships between 21-25 May)']",€55.00,https://www.consciousthelabel.com/product-page/dixie-brown-leopard,"https://static.wixstatic.com/media/6733fb_70552b1e50c340d5bc5b531418d0aee8~mv2.jpg/v1/fill/w_1500,h_1018,al_c,q_85/6733fb_70552b1e50c340d5bc5b531418d0aee8~mv2.jpg",conscious-swimwear,"Dixie is our classic shape bikini bottom, offering a little extra coverage compared to our other bottoms. All edges are sewn with elastic to keep it in the right place from sunrise to sunset.  Made of 78% recycled plastic and 22% elastane. Ethically produced in our Lisbon atelier and sustainable packaged.Model wears a size small "
KAYA TIMELESS BROWN,"['78% recycled plastic', '22% elastane']",,"['Small', 'Medium', 'Large']",€59.00,https://www.consciousthelabel.com/product-page/kaya-brown,"https://static.wixstatic.com/media/6733fb_e12965c06a7b4482aa7248e83c610116~mv2.jpg/v1/fill/w_1500,h_1018,al_c,q_85/6733fb_e12965c06a7b4482aa7248e83c610116~mv2.jpg",conscious-swimwear,"Kaya bikini top is the next level of basics. Great for the one who needs a very natural push-up effect.  Adjustable back, and you can also wear it tied up behind your neck. Made of 78% recycled plastic and 22% elastane. Ethically produced in our Lisbon atelier and sustainable packaged.   "
OLLIE TIMELESS BROWN,"['78% recycled plastic', '22% elastane']",,"['Small', 'Medium (PRE-ORDER ships between 21-25 May)', 'Large']",€65.00,https://www.consciousthelabel.com/product-page/ollie-brown,"https://static.wixstatic.com/media/6733fb_ac22d3b4564346da87a5aa2cf1985c10~mv2.jpg/v1/fill/w_1500,h_1018,al_c,q_85/6733fb_ac22d3b4564346da87a5aa2cf1985c10~mv2.jpg",conscious-swimwear,"Ollie is our newest addiction. It works perfectly for small and more significant breasts: for small, use it with our padding and have an additional push-up. If you have it bigger, enjoy the extra support from the elastic underneath and the natural lifting effect. This top has adjustable straps and includes removable padding. Made of 78% recycled plastic and 22% elastane. Ethically produced in our Lisbon atelier and sustainable packaged.   "
ZOE TIMELESS BROWN,"['78% recycled plastic', '22% elastane']",,"['Small (PRE-ORDER ships between 21-25 May)', 'Medium', 'Large']",€59.00,https://www.consciousthelabel.com/product-page/zoe-brown,"https://static.wixstatic.com/media/6733fb_fa0606529a2e46e4b12a33a460255768~mv2.jpg/v1/fill/w_1500,h_1018,al_c,q_85/6733fb_fa0606529a2e46e4b12a33a460255768~mv2.jpg",conscious-swimwear,"Zoe bikini top has the perfect high cut – your best friend if you’re looking for something practical with support. With adjustable straps, you will be able to fit it perfectly into your body. Made of 78% recycled plastic and 22% elastane and ethically produced in our Lisbon atelier. Sustainable packaged.   "
TRIANGLE TIMELESS BROWN,"['78% recycled plastic', '22% elastane']",,"['Small (PRE-ORDER ships between 21-25 May)', 'Medium (PRE-ORDER ships between 21-25 May)', 'Large']",€55.00,https://www.consciousthelabel.com/product-page/triangle-brown,"https://static.wixstatic.com/media/6733fb_da7b1cada2b84ddf9026ff2a7c1ed7aa~mv2.jpg/v1/fill/w_1500,h_1018,al_c,q_85/6733fb_da7b1cada2b84ddf9026ff2a7c1ed7aa~mv2.jpg",conscious-swimwear,"Triangle bikini top is your go-to essential for summer. It works great for every body type, and its minimalist shape is a tan best friend. Adjustable straps & back, and you can also wear it tied up behind your neck. Made of 78% recycled plastic and 22% elastane. Ethically produced in our Lisbon atelier and sustainable packaged.   "
NALA TIMELESS BROWN,"['78% recycled plastic', '22% elastane']",,"['Small', 'Medium', 'Large (PRE-ORDER ships between 21-25 May)']",€49.00,https://www.consciousthelabel.com/product-page/nala-brown,"https://static.wixstatic.com/media/6733fb_3f04a06ea2b7485986f4e3b93669e8c1~mv2.jpg/v1/fill/w_1500,h_1018,al_c,q_85/6733fb_3f04a06ea2b7485986f4e3b93669e8c1~mv2.jpg",conscious-swimwear,Nala bikini bottom is the perfect tan friend with its minimalist shape. Adjustable waist. Made of 78% recycled plastic and 22% elastane. Ethically produced in our Lisbon atelier and sustainable packaged.Model wears a size small 
NOAH TIMELESS BROWN,"['78% recycled plastic', '22% elastane']",,"['Small', 'Medium (PRE-ORDER ships between 21-25 May)', 'Large']",€52.00,https://www.consciousthelabel.com/product-page/noah-brown,"https://static.wixstatic.com/media/6733fb_98b0096348604373bd808d9be117e34c~mv2.jpg/v1/fill/w_1500,h_1018,al_c,q_85/6733fb_98b0096348604373bd808d9be117e34c~mv2.jpg",conscious-swimwear,"Perfectly designed to fit your body like no other, our Noah bottoms have a classic inspired Brazilian minimalist shape. Made of 78% recycled plastic and 22% elastane. Ethically produced in our Lisbon atelier and sustainable packaged.Model 1 wears a size smallModel 2 wears a size medium "
SAINT TIMELESS BROWN,"['78% recycled plastic', '22% elastane']",,[],€55.00,https://www.consciousthelabel.com/product-page/saint-brown,"https://static.wixstatic.com/media/6733fb_66389b2e03d348f183fe3a5b663d958d~mv2.jpg/v1/fill/w_1500,h_1018,al_c,q_85/6733fb_66389b2e03d348f183fe3a5b663d958d~mv2.jpg",conscious-swimwear,"Saint bikini bottom is for the ones who love the elegance of a high waist but don't want to give up on a cute little back as well. For perfect belly tanning, you can fold them when lying down at the beach. Made of 78% recycled plastic and 22% elastane. Ethically produced in our Lisbon atelier and sustainable packaged.   "
DIXIE TIMELESS BROWN,"['78% recycled plastic', '22% elastane']",,"['Small', 'Medium (PRE-ORDER ships between 21-25 May)', 'Large (PRE-ORDER ships between 21-25 May)']",€55.00,https://www.consciousthelabel.com/product-page/dixie-brown,"https://static.wixstatic.com/media/6733fb_2ac233ddb3d64c5bb3261107a96f9922~mv2.jpg/v1/fill/w_1500,h_1018,al_c,q_85/6733fb_2ac233ddb3d64c5bb3261107a96f9922~mv2.jpg",conscious-swimwear,"Dixie is our classic shape bikini bottom, offering a little extra coverage compared to our other bottoms. All edges are sewn with elastic to keep it in the right place from sunrise to sunset.  Made of 78% recycled plastic and 22% elastane. Ethically produced in our Lisbon atelier and sustainable packaged.Model 1 wears a size medium "
TIMELESS BROWN SWIMSUIT,"['78% recycled plastic', '22% elastane']",,"['Small', 'Medium (PRE-ORDER ships between 21-25 May)', 'Large (PRE-ORDER ships between 21-25 May)']",€120.00,https://www.consciousthelabel.com/product-page/timeless-brown-swimsuit,"https://static.wixstatic.com/media/6733fb_662d43c2ad8945e283ba1aa784bc5a84~mv2.jpg/v1/fill/w_1500,h_1018,al_c,q_85/6733fb_662d43c2ad8945e283ba1aa784bc5a84~mv2.jpg",conscious-swimwear,The timeless brown swimsuit was designed to hug your body like no other: it will keep everything in place with its shaping effect. Adjustable straps. Made of 78% recycled plastic and 22% elastane and ethically produced in our Lisbon atelier. Sustainable packaged.   
KAYA FULL BLACK,"['78% recycled plastic', '22% elastane']",,"['Small', 'Medium', 'Large']",€59.00,https://www.consciousthelabel.com/product-page/kaya-full-black,"https://static.wixstatic.com/media/6733fb_45b07d07632443fe8c4310916bda138f~mv2.jpg/v1/fill/w_1500,h_1018,al_c,q_85/6733fb_45b07d07632443fe8c4310916bda138f~mv2.jpg",conscious-swimwear,"Kaya bikini top is the next level of basics. Great for the one who needs a very natural push-up effect.  Adjustable back, and you can also wear it tied up behind your neck. Made of 78% recycled plastic and 22% elastane. Ethically produced in our Lisbon atelier and sustainable packaged.   "
OLLIE BLACK,"['78% recycled plastic', '22% elastane']",,"['Small', 'Medium', 'Large']",€65.00,https://www.consciousthelabel.com/product-page/ollie-black,"https://static.wixstatic.com/media/6733fb_c4be2400e4014e8fad11909b81bff580~mv2.jpg/v1/fill/w_1500,h_1018,al_c,q_85/6733fb_c4be2400e4014e8fad11909b81bff580~mv2.jpg",conscious-swimwear,"Ollie is our newest addiction. It works perfectly for small and more significant breasts: for small, use it with our padding and have an additional push-up. If you have it bigger, enjoy the extra support from the elastic underneath and the natural lifting effect. This top has adjustable straps and includes removable padding. Made of 78% recycled plastic and 22% elastane. Ethically produced in our Lisbon atelier and sustainable packaged.   "
ZOE FULL BLACK,"['78% recycled plastic', '22% elastane']",,"['Small', 'Medium', 'Large']",€59.00,https://www.consciousthelabel.com/product-page/zoe-full-black,"https://static.wixstatic.com/media/6733fb_b2d513ba05664293980c5fdc773c0271~mv2.jpg/v1/fill/w_1097,h_744,al_c,q_85/6733fb_b2d513ba05664293980c5fdc773c0271~mv2.jpg",conscious-swimwear,"Zoe bikini top has the perfect high cut – your best friend if you’re looking for something practical with support. With adjustable straps, you will be able to fit it perfectly into your body. Made of 78% recycled plastic and 22% elastane and ethically produced in our Lisbon atelier. Sustainable packaged.   "
TRIANGLE FULL BLACK,"['78% recycled plastic', '22% elastane']",,[],€55.00,https://www.consciousthelabel.com/product-page/triangle-full-black,"https://static.wixstatic.com/media/6733fb_8f58821733b743138f2308f1e6f5e751~mv2.jpg/v1/fill/w_1500,h_1018,al_c,q_85/6733fb_8f58821733b743138f2308f1e6f5e751~mv2.jpg",conscious-swimwear,"Triangle bikini top is your go-to essential for summer. It works great for every body type, and its minimalist shape is a tan best friend. Adjustable straps & back, and you can also wear it tied up behind your neck. Made of 78% recycled plastic and 22% elastane. Ethically produced in our Lisbon atelier and sustainable packaged.   "
JULIAN TRIANGLE TOP,"['78% recycled plastic', '22% elastane']",,"['Small (PRE-ORDER ships between 21-25 May)', 'Medium (PRE-ORDER ships between 21-25 May)', 'Large']",€55.00,https://www.consciousthelabel.com/product-page/triangle-black-and-brown,"https://static.wixstatic.com/media/6733fb_4f9281de79774d42b24485afa9d0dbf3~mv2.jpg/v1/fill/w_1500,h_1018,al_c,q_85/6733fb_4f9281de79774d42b24485afa9d0dbf3~mv2.jpg",conscious-swimwear,"Triangle bikini top is your go-to essential for summer. It works great for every body type, and its minimalist shape is a tan best friend. Adjustable straps & back, and you can also wear it tied up behind your neck. Made of 78% recycled plastic and 22% elastane. Ethically produced in our Lisbon atelier and sustainable packaged.      "
NALA FULL BLACK,"['78% recycled plastic', '22% elastane']",,"['Small', 'Medium', 'Large']",€49.00,https://www.consciousthelabel.com/product-page/nala-full-black,"https://static.wixstatic.com/media/6733fb_24a7446fd48b4500aa639b24b863f780~mv2.jpg/v1/fill/w_1500,h_1018,al_c,q_85/6733fb_24a7446fd48b4500aa639b24b863f780~mv2.jpg",conscious-swimwear,Nala bikini bottom is the perfect tan friend with its minimalist shape. Adjustable waist. Made of 78% recycled plastic and 22% elastane. Ethically produced in our Lisbon atelier and sustainable packaged.Model 1 wears a size mediumModel 2 wears a size small 
NOAH FULL BLACK,"['78% recycled plastic', '22% elastane']",,"['Small', 'Medium', 'Large']",€52.00,https://www.consciousthelabel.com/product-page/noah-full-black,"https://static.wixstatic.com/media/6733fb_ac3dd822d6024d8481f12bd64536b258~mv2.jpg/v1/fill/w_1500,h_1018,al_c,q_85/6733fb_ac3dd822d6024d8481f12bd64536b258~mv2.jpg",conscious-swimwear,"Perfectly designed to fit your body like no other, our Noah bottoms have a classic inspired Brazilian minimalist shape. Made of 78% recycled plastic and 22% elastane. Ethically produced in our Lisbon atelier and sustainable packaged.Model 1 wears a size small "
SAINT FULL BLACK,"['78% recycled plastic', '22% elastane']",,"['Small', 'Medium', 'Large']",€55.00,https://www.consciousthelabel.com/product-page/saint-full-black,"https://static.wixstatic.com/media/6733fb_38c38a2972714c8d87ad8142b3db0d4f~mv2.jpg/v1/fill/w_1500,h_1018,al_c,q_85/6733fb_38c38a2972714c8d87ad8142b3db0d4f~mv2.jpg",conscious-swimwear,"Saint bikini bottom is for the ones who love the elegance of a high waist but don't want to give up on a cute little back as well. For perfect belly tanning, you can fold them when lying down at the beach. Made of 78% recycled plastic and 22% elastane. Ethically produced in our Lisbon atelier and sustainable packaged.   "
DIXIE FULL BLACK,"['78% recycled plastic', '22% elastane']",,[],€55.00,https://www.consciousthelabel.com/product-page/dixie-full-black,"https://static.wixstatic.com/media/6733fb_42000ba1809f43c5a2b218775af3a0f7~mv2.jpg/v1/fill/w_1500,h_1018,al_c,q_85/6733fb_42000ba1809f43c5a2b218775af3a0f7~mv2.jpg",conscious-swimwear,"Dixie is our classic shape bikini bottom, offering a little extra coverage compared to our other bottoms. All edges are sewn with elastic to keep it in the right place from sunrise to sunset.  Made of 78% recycled plastic and 22% elastane. Ethically produced in our Lisbon atelier and sustainable packaged.Model wears a size small "
JULIAN SWIMSUIT,"['78% recycled plastic', '22% elastane']",,"['Small (PRE-ORDER ships between 21-25 May)', 'Medium (PRE-ORDER ships between 21-25 May)', 'Large']",€120.00,https://www.consciousthelabel.com/product-page/julian-swimsuit,"https://static.wixstatic.com/media/6733fb_a5a061a88bda40cfab6c218b030f8cd3~mv2.jpg/v1/fill/w_1500,h_1018,al_c,q_85/6733fb_a5a061a88bda40cfab6c218b030f8cd3~mv2.jpg",conscious-swimwear,Julian swimsuit was designed to hug your body like no other: it will keep everything in place with its shaping effect. Adjustable straps. Made of 78% recycled plastic and 22% elastane and ethically produced in our Lisbon atelier. Sustainable packaged.   
BLACK SWIMSUIT,"['78% recycled plastic', '22% elastane']",,"['Small (PRE-ORDER ships between 21-25 May)', 'Medium', 'Large (PRE-ORDER ships between 21-25 May)']",€120.00,https://www.consciousthelabel.com/product-page/black-swimsuit,"https://static.wixstatic.com/media/6733fb_179657cdc43d46d084dfffb4934b909b~mv2.jpg/v1/fill/w_1500,h_1018,al_c,q_85/6733fb_179657cdc43d46d084dfffb4934b909b~mv2.jpg",conscious-swimwear,The black swimsuit was designed to hug your body like no other: it will keep everything in place with its shaping effect. Adjustable straps. Made of 78% recycled plastic and 22% elastane and ethically produced in our Lisbon atelier. Sustainable packaged.   
KAYA FRESH LILAC,"['78% recycled plastic', '22% elastane']",,"['Small', 'Medium', 'Large']",€59.00,https://www.consciousthelabel.com/product-page/kaya-fresh-lilac,"https://static.wixstatic.com/media/6733fb_dc08452e0c5d46a3b15aab59bdc431d6~mv2.jpg/v1/fill/w_1500,h_1018,al_c,q_85/6733fb_dc08452e0c5d46a3b15aab59bdc431d6~mv2.jpg",conscious-swimwear,"Kaya bikini top is the next level of basics. Great for the one who needs a very natural push-up effect.  Adjustable back, and you can also wear it tied up behind your neck. Made of 78% recycled plastic and 22% elastane. Ethically produced in our Lisbon atelier and sustainable packaged.   "
OLLIE FRESH LILAC,"['78% recycled plastic', '22% elastane']",,"['Small (PRE-ORDER ships between 21-25 May)', 'Medium (PRE-ORDER ships between 21-25 May)', 'Large (PRE-ORDER ships between 21-25 May)']",€65.00,https://www.consciousthelabel.com/product-page/ollie-fresh-lilac,"https://static.wixstatic.com/media/6733fb_d1efe6753038450fa2afbedf2d924922~mv2.jpg/v1/fill/w_1500,h_1018,al_c,q_85/6733fb_d1efe6753038450fa2afbedf2d924922~mv2.jpg",conscious-swimwear,"Ollie is our newest addiction. It works perfectly for small and more significant breasts: for small, use it with our padding and have an additional push-up. If you have it bigger, enjoy the extra support from the elastic underneath and the natural lifting effect. This top has adjustable straps and includes removable padding. Made of 78% recycled plastic and 22% elastane. Ethically produced in our Lisbon atelier and sustainable packaged.   "
ZOE FRESH LILAC,"['78% recycled plastic', '22% elastane']",,"['Small', 'Medium', 'Large']",€59.00,https://www.consciousthelabel.com/product-page/zoe-fresh-lilac,"https://static.wixstatic.com/media/6733fb_a490e5af79b14c269c1c0a1097a80f3f~mv2.jpg/v1/fill/w_1500,h_1018,al_c,q_85/6733fb_a490e5af79b14c269c1c0a1097a80f3f~mv2.jpg",conscious-swimwear,"Zoe bikini top has the perfect high cut – your best friend if you’re looking for something practical with support. With adjustable straps, you will be able to fit it perfectly into your body. Made of 78% recycled plastic and 22% elastane and ethically produced in our Lisbon atelier. Sustainable packaged.   "
TRIANGLE FRESH LILAC,"['78% recycled plastic', '22% elastane']",,[],€55.00,https://www.consciousthelabel.com/product-page/triangle-fresh-lilac,"https://static.wixstatic.com/media/6733fb_f805168eba4e406e8ccae3580430d7c7~mv2.jpg/v1/fill/w_1500,h_1018,al_c,q_85/6733fb_f805168eba4e406e8ccae3580430d7c7~mv2.jpg",conscious-swimwear,"Triangle bikini top is your go-to essential for summer. It works great for every body type, and its minimalist shape is a tan best friend. Adjustable straps & back, and you can also wear it tied up behind your neck. Made of 78% recycled plastic and 22% elastane. Ethically produced in our Lisbon atelier and sustainable packaged.   "
NALA FRESH LILAC,"['78% recycled plastic', '22% elastane']",,"['Small', 'Medium', 'Large (PRE-ORDER ships between 21-25 May)']",€49.00,https://www.consciousthelabel.com/product-page/nala-fresh-lilac,"https://static.wixstatic.com/media/6733fb_c56d0208115f474b94dda3cda59901a0~mv2.jpg/v1/fill/w_1500,h_1018,al_c,q_85/6733fb_c56d0208115f474b94dda3cda59901a0~mv2.jpg",conscious-swimwear,Nala bikini bottom is the perfect tan friend with its minimalist shape. Adjustable waist. Made of 78% recycled plastic and 22% elastane. Ethically produced in our Lisbon atelier and sustainable packaged.   
NOAH FRESH LILAC,"['78% recycled plastic', '22% elastane']",,"['Small', 'Medium', 'Large']",€52.00,https://www.consciousthelabel.com/product-page/noah-fresh-lilac,"https://static.wixstatic.com/media/6733fb_dcf75d892f984cfbb96ce5718327144c~mv2.jpg/v1/fill/w_1500,h_1018,al_c,q_85/6733fb_dcf75d892f984cfbb96ce5718327144c~mv2.jpg",conscious-swimwear,"Perfectly designed to fit your body like no other, our Noah bottoms have a classic inspired Brazilian minimalist shape. Made of 78% recycled plastic and 22% elastane. Ethically produced in our Lisbon atelier and sustainable packaged.Model 1 wears a size small "
SAINT FRESH LILAC,"['78% recycled plastic', '22% elastane']",,"['Small', 'Medium', 'Large']",€55.00,https://www.consciousthelabel.com/product-page/saint-fresh-lilac,"https://static.wixstatic.com/media/6733fb_9e7f8a9da0484ca7a816fba4e16453a5~mv2.jpg/v1/fill/w_1500,h_1018,al_c,q_85/6733fb_9e7f8a9da0484ca7a816fba4e16453a5~mv2.jpg",conscious-swimwear,"Saint bikini bottom is for the ones who love the elegance of a high waist but don't want to give up on a cute little back as well. For perfect belly tanning, you can fold them when lying down at the beach. Made of 78% recycled plastic and 22% elastane. Ethically produced in our Lisbon atelier and sustainable packaged.Model 1 wears a size small "
DIXIE FRESH LILAC,"['78% recycled plastic', '22% elastane']",,"['Small (PRE-ORDER ships between 21-25 May)', 'Medium (PRE-ORDER ships between 21-25 May)', 'Large (PRE-ORDER ships between 21-25 May)']",€55.00,https://www.consciousthelabel.com/product-page/dixie-fresh-lilac,"https://static.wixstatic.com/media/6733fb_6746ca6477da4d27be44595802f740cb~mv2.jpg/v1/fill/w_1500,h_1018,al_c,q_85/6733fb_6746ca6477da4d27be44595802f740cb~mv2.jpg",conscious-swimwear,"Dixie is our classic shape bikini bottom, offering a little extra coverage compared to our other bottoms. All edges are sewn with elastic to keep it in the right place from sunrise to sunset.  Made of 78% recycled plastic and 22% elastane. Ethically produced in our Lisbon atelier and sustainable packaged.   "
KAYA WHITE SPOTTED,"['78% recycled plastic', '22% elastane']",,"['Small', 'Medium (PRE-ORDER ships between 21-25 May)', 'Large (PRE-ORDER ships between 21-25 May)']",€59.00,https://www.consciousthelabel.com/product-page/kaya-black-white,"https://static.wixstatic.com/media/6733fb_602a708024384b8cb79894d4046cdb77~mv2.jpg/v1/fill/w_1500,h_1018,al_c,q_85/6733fb_602a708024384b8cb79894d4046cdb77~mv2.jpg",conscious-swimwear,"Kaya bikini top is the next level of basics. Great for the one who needs a very natural push-up effect.  Adjustable back, and you can also wear it tied up behind your neck. Made of 78% recycled plastic and 22% elastane. Ethically produced in our Lisbon atelier and sustainable packaged.   "
OLLIE WHITE SPOTTED,"['78% recycled plastic', '22% elastane']",,"['Small', 'Medium', 'Large (PRE-ORDER ships between 21-25 May)']",€65.00,https://www.consciousthelabel.com/product-page/ollie-white-spotted,"https://static.wixstatic.com/media/6733fb_eec664a377984662b1e7f22734c6d5c5~mv2.jpg/v1/fill/w_1500,h_1018,al_c,q_85/6733fb_eec664a377984662b1e7f22734c6d5c5~mv2.jpg",conscious-swimwear,"Ollie is our newest addiction. It works perfectly for small and more significant breasts: for small, use it with our padding and have an additional push-up. If you have it bigger, enjoy the extra support from the elastic underneath and the natural lifting effect. This top has adjustable straps and includes removable padding. Made of 78% recycled plastic and 22% elastane. Ethically produced in our Lisbon atelier and sustainable packaged.     "
ZOE WHITE SPOTTED,"['78% recycled plastic', '22% elastane']",,"['Small (PRE-ORDER ships between 21-25 May)', 'Medium', 'Large (PRE-ORDER ships between 21-25 May)']",€59.00,https://www.consciousthelabel.com/product-page/zoe-black-white,"https://static.wixstatic.com/media/6733fb_17d929429de44052aa7bbced2107bd58~mv2.jpg/v1/fill/w_1500,h_1018,al_c,q_85/6733fb_17d929429de44052aa7bbced2107bd58~mv2.jpg",conscious-swimwear,"Zoe bikini top has the perfect high cut – your best friend if you’re looking for something practical with support. With adjustable straps, you will be able to fit it perfectly into your body. Made of 78% recycled plastic and 22% elastane and ethically produced in our Lisbon atelier. Sustainable packaged.   "
TRIANGLE WHITE SPOTTED,"['78% recycled plastic', '22% elastane']",,"['Small', 'Medium', 'Large']",€55.00,https://www.consciousthelabel.com/product-page/triangle-black-white,"https://static.wixstatic.com/media/6733fb_f59d360094ac4b0191ec7611caae01ed~mv2.jpg/v1/fill/w_1500,h_1018,al_c,q_85/6733fb_f59d360094ac4b0191ec7611caae01ed~mv2.jpg",conscious-swimwear,"Triangle bikini top is your go-to essential for summer. It works great for every body type, and its minimalist shape is a tan best friend. Adjustable straps & back, and you can also wear it tied up behind your neck. Made of 78% recycled plastic and 22% elastane. Ethically produced in our Lisbon atelier and sustainable packaged.   "
NALA WHITE SPOTTED,"['78% recycled plastic', '22% elastane']",,"['Small', 'Medium', 'Large (PRE-ORDER ships between 21-25 May)']",€49.00,https://www.consciousthelabel.com/product-page/nala-bottom-black-white,"https://static.wixstatic.com/media/23ca9c_8ae12bb1fa3a4d3c82235d8bba828294~mv2.jpg/v1/fill/w_1500,h_1018,al_c,q_85/23ca9c_8ae12bb1fa3a4d3c82235d8bba828294~mv2.jpg",conscious-swimwear,Nala bikini bottom is the perfect tan friend with its minimalist shape. Adjustable waist. Made of 78% recycled plastic and 22% elastane. Ethically produced in our Lisbon atelier and sustainable packaged.Model wears a size small 
NOAH WHITE SPOTTED,"['78% recycled plastic', '22% elastane']",,"['Small', 'Medium', 'Large']",€52.00,https://www.consciousthelabel.com/product-page/noah-black-white,"https://static.wixstatic.com/media/6733fb_7fd985c043ea41c28e02a4bb0da4680b~mv2.jpg/v1/fill/w_1500,h_1018,al_c,q_85/6733fb_7fd985c043ea41c28e02a4bb0da4680b~mv2.jpg",conscious-swimwear,"Perfectly designed to fit your body like no other, our Noah bottoms have a classic inspired Brazilian minimalist shape. Made of 78% recycled plastic and 22% elastane. Ethically produced in our Lisbon atelier and sustainable packaged.Model 1 wears a size small "
SAINT WHITE SPOTTED,"['78% recycled plastic', '22% elastane']",,"['Small', 'Medium', 'Large']",€55.00,https://www.consciousthelabel.com/product-page/saint-black-white,"https://static.wixstatic.com/media/6733fb_9f7e3ad667ca43698626b5b0571822e5~mv2.jpg/v1/fill/w_1500,h_1018,al_c,q_85/6733fb_9f7e3ad667ca43698626b5b0571822e5~mv2.jpg",conscious-swimwear,"Saint bikini bottom is for the ones who love the elegance of a high waist but don't want to give up on a cute little back as well. For perfect belly tanning, you can fold them when lying down at the beach. Made of 78% recycled plastic and 22% elastane. Ethically produced in our Lisbon atelier and sustainable packaged.Model wears a size small "
DIXIE WHITE SPOTTED,"['78% recycled plastic', '22% elastane']",,"['Small', 'Medium (PRE-ORDER ships between 21-25 May)', 'Large (PRE-ORDER ships between 21-25 May)']",€55.00,https://www.consciousthelabel.com/product-page/dixie-white-spotted,"https://static.wixstatic.com/media/6733fb_35b0999a13814164b9dc8fdad215615b~mv2.jpg/v1/fill/w_1500,h_1018,al_c,q_85/6733fb_35b0999a13814164b9dc8fdad215615b~mv2.jpg",conscious-swimwear,"Dixie is our classic shape bikini bottom, offering a little extra coverage compared to our other bottoms. All edges are sewn with elastic to keep it in the right place from sunrise to sunset.  Made of 78% recycled plastic and 22% elastane. Ethically produced in our Lisbon atelier and sustainable packaged.Model wears a size small "
KAYA BLACK & WHITE,"['78% recycled plastic', '22% elastane']",,"['Small', 'Medium', 'Large']",€59.00,https://www.consciousthelabel.com/product-page/kaya-black-white-1,"https://static.wixstatic.com/media/6733fb_4e3a218610f041559aa671ee5efc8e0f~mv2.jpg/v1/fill/w_1500,h_1018,al_c,q_85/6733fb_4e3a218610f041559aa671ee5efc8e0f~mv2.jpg",conscious-swimwear,"Kaya bikini top is the next level of basics. Great for the one who needs a very natural push-up effect.  Adjustable back, and you can also wear it tied up behind your neck. Made of 78% recycled plastic and 22% elastane. Ethically produced in our Lisbon atelier and sustainable packaged.   "
ZOE BLACK & WHITE,"['78% recycled plastic', '22% elastane']",,"['Small', 'Medium', 'Large']",€59.00,https://www.consciousthelabel.com/product-page/zoe-black-and-white,"https://static.wixstatic.com/media/6733fb_8c42f591780843c695e184f0fd8e7edb~mv2.jpg/v1/fill/w_1500,h_1018,al_c,q_85/6733fb_8c42f591780843c695e184f0fd8e7edb~mv2.jpg",conscious-swimwear,"Zoe bikini top has the perfect high cut – your best friend if you’re looking for something practical with support. With adjustable straps, you will be able to fit it perfectly into your body. Made of 78% recycled plastic and 22% elastane and ethically produced in our Lisbon atelier. Sustainable packaged.     "
TRIANGLE BLACK & WHITE,"['78% recycled plastic', '22% elastane']",,"['Small', 'Medium', 'Large']",€55.00,https://www.consciousthelabel.com/product-page/triangle-black-white-1,"https://static.wixstatic.com/media/6733fb_bdd0b84349a04f55aee44126f1df1fd8~mv2.jpg/v1/fill/w_1500,h_1018,al_c,q_85/6733fb_bdd0b84349a04f55aee44126f1df1fd8~mv2.jpg",conscious-swimwear,"Triangle bikini top is your go-to essential for summer. It works great for every body type, and its minimalist shape is a tan best friend. Adjustable straps & back, and you can also wear it tied up behind your neck. Made of 78% recycled plastic and 22% elastane. Ethically produced in our Lisbon atelier and sustainable packaged.   "
NALA BLACK & WHITE,"['78% recycled plastic', '22% elastane']",,"['Small', 'Medium', 'Large']",€49.00,https://www.consciousthelabel.com/product-page/nala-black-white,"https://static.wixstatic.com/media/6733fb_28b3264649274c25a85d8247bf1c9100~mv2.jpg/v1/fill/w_1500,h_1018,al_c,q_85/6733fb_28b3264649274c25a85d8247bf1c9100~mv2.jpg",conscious-swimwear,Nala bikini bottom is the perfect tan friend with its minimalist shape. Adjustable waist. Made of 78% recycled plastic and 22% elastane. Ethically produced in our Lisbon atelier and sustainable packaged.   
NOAH BLACK & WHITE,"['78% recycled plastic', '22% elastane']",,"['Small', 'Medium', 'Large']",€52.00,https://www.consciousthelabel.com/product-page/noah-black-white-1,"https://static.wixstatic.com/media/6733fb_71c3156514944fa49207ad0fb5b62598~mv2.jpg/v1/fill/w_1500,h_1018,al_c,q_85/6733fb_71c3156514944fa49207ad0fb5b62598~mv2.jpg",conscious-swimwear,"Perfectly designed to fit your body like no other, our Noah bottoms have a classic inspired Brazilian minimalist shape. Made of 78% recycled plastic and 22% elastane. Ethically produced in our Lisbon atelier and sustainable packaged.   "
SAINT BLACK & WHITE,"['78% recycled plastic', '22% elastane']",,"['Small', 'Medium', 'Large']",€55.00,https://www.consciousthelabel.com/product-page/saint-black-white-1,"https://static.wixstatic.com/media/6733fb_6b854eda09514f6d977ee76520b59c98~mv2.jpg/v1/fill/w_1500,h_1018,al_c,q_85/6733fb_6b854eda09514f6d977ee76520b59c98~mv2.jpg",conscious-swimwear,"Saint bikini bottom is for the ones who love the elegance of a high waist but don't want to give up on a cute little back as well. For perfect belly tanning, you can fold them when lying down at the beach. Made of 78% recycled plastic and 22% elastane. Ethically produced in our Lisbon atelier and sustainable packaged.Model wears a size small "
DIXIE BLACK & WHITE,"['78% recycled plastic', '22% elastane']",,"['Small', 'Medium', 'Large']",€55.00,https://www.consciousthelabel.com/product-page/dixie-black-and-white,"https://static.wixstatic.com/media/6733fb_4882ff246aa94849bc9ddbb800018e11~mv2.jpg/v1/fill/w_1500,h_1018,al_c,q_85/6733fb_4882ff246aa94849bc9ddbb800018e11~mv2.jpg",conscious-swimwear,"Dixie is our classic shape bikini bottom, offering a little extra coverage compared to our other bottoms. All edges are sewn with elastic to keep it in the right place from sunrise to sunset.  Made of 78% recycled plastic and 22% elastane. Ethically produced in our Lisbon atelier and sustainable packaged.Model wears a size small "
UNDYED TOWELLING SWEATSHIRT,['100% organic cotton'],,"['Small (PRE-ORDER ships between 21-25 May)', 'Medium (PRE-ORDER ships between 21-25 May)', 'Large (PRE-ORDER ships between 21-25 May)']",€80.00,https://www.consciousthelabel.com/product-page/undyed-toweling-sweatshirt,"https://static.wixstatic.com/media/6733fb_2493db928fe24bed8cf006588a67e9f1~mv2.jpg/v1/fill/w_1500,h_1018,al_c,q_85/6733fb_2493db928fe24bed8cf006588a67e9f1~mv2.jpg",conscious-swimwear,"Oversized, lightweight, and undyed sweater made of 100% organic cotton. The undyed collection is more than a way to avoid waste (dyeing cotton has more impact than dyeing any other fabric). It is a link to authenticity expressed in the minimalist but timeless aesthetic of unprocessed cotton. An estimated 8,000 synthetic chemicals are used to bleach, treat, and brighten clothes, with 17% to 20% of industrial water pollution resulting from fabric dyes and textile finishings. Using this fabric saves 80 liters of water per kilogram of jersey fabric produced. Sustainable packaged.   "
UNDYED TOWELLING SHORTS,['100% organic cotton'],,"['Small (PRE-ORDER ships between 21-25 May)', 'Medium (PRE-ORDER ships between 21-25 May)', 'Large (PRE-ORDER ships between 21-25 May)']",€59.00,https://www.consciousthelabel.com/product-page/undyed-towelling-shorts,"https://static.wixstatic.com/media/6733fb_2acdd50b202c4a31a1f87d2105203096~mv2.jpg/v1/fill/w_1500,h_1018,al_c,q_85/6733fb_2acdd50b202c4a31a1f87d2105203096~mv2.jpg",conscious-swimwear,"Lightweight and undyed towelling shorts made of 100% organic cotton. The undyed collection is more than a way to avoid waste (dyeing cotton has more impact than dyeing any other fabric). It is a link to authenticity expressed in the minimalist but timeless aesthetic of unprocessed cotton. An estimated 8,000 synthetic chemicals are used to bleach, treat, and brighten clothes, with 17% to 20% of industrial water pollution resulting from fabric dyes and textile finishings. Using this fabric saves 80 liters of water per kilogram of jersey fabric produced. Sustainable packaged. "
UNDYED T-SHIRT,['100% organic cotton'],,"['Small (PRE-ORDER ships between 21-25 May)', 'Medium (PRE-ORDER ships between 21-25 May)', 'Large (PRE-ORDER ships between 21-25 May)']",€39.00,https://www.consciousthelabel.com/product-page/organic-cotton-tshirt,"https://static.wixstatic.com/media/6733fb_ed0b74169b594f7d9b98c65f4b6e2461~mv2.jpg/v1/fill/w_1500,h_1018,al_c,q_85/6733fb_ed0b74169b594f7d9b98c65f4b6e2461~mv2.jpg",conscious-swimwear,"Oversized undyed t-shirt made of 100% organic cotton. The undyed collection is more than a way to avoid waste (dyeing cotton has more impact than dyeing any other fabric). It is a link to authenticity expressed in the minimalist but timeless aesthetic of unprocessed cotton. An estimated 8,000 synthetic chemicals are used to bleach, treat, and brighten clothes, with 17% to 20% of industrial water pollution resulting from fabric dyes and textile finishings. Using this fabric saves 80 liters of water per kilogram of jersey fabric produced. Sustainable packaged.   "
ORGANIC COTTON SWEATSHIRT IN MOCCA,['100% organic cotton'],,[],€80.00,https://www.consciousthelabel.com/product-page/organic-cotton-sweatshirt-in-mocca-1,"https://static.wixstatic.com/media/6733fb_a8c1b52b9a9f4ec79ec928d2f5322d32~mv2.jpg/v1/fill/w_1500,h_1018,al_c,q_85/6733fb_a8c1b52b9a9f4ec79ec928d2f5322d32~mv2.jpg",conscious-swimwear,Oversized lightweight sweater made of 100% organic cotton. Sustainable packaged.   
ORGANIC COTTON TRACKPANTS IN MOCCA,['100% organic cotton'],,"['Small (PRE-ORDER ships between 21-25 May)', 'Medium (PRE-ORDER ships between 21-25 May)', 'Large (PRE-ORDER ships between 21-25 May)']",€69.00,https://www.consciousthelabel.com/product-page/organic-cotton-trackpants-in-mocca-1,"https://static.wixstatic.com/media/6733fb_b91b6c6081b94e9db9b1c5bad3cfdd39~mv2.jpg/v1/fill/w_1500,h_1018,al_c,q_85/6733fb_b91b6c6081b94e9db9b1c5bad3cfdd39~mv2.jpg",conscious-swimwear,Oversized lightweight trackpants made of 100% organic cotton. Sustainable packaged.   
ORGANIC COTTON SHORTS IN MOCCA,['100% organic cotton'],,"['Small (PRE-ORDER ships between 21-25 May)', 'Medium (PRE-ORDER ships between 21-25 May)', 'Large (PRE-ORDER ships between 21-25 May)']",€59.00,https://www.consciousthelabel.com/product-page/organic-cotton-shorts-in-mocca,"https://static.wixstatic.com/media/6733fb_cbcc8d33aca04a47b04f8c99c111a7c2~mv2.jpg/v1/fill/w_1500,h_1018,al_c,q_85/6733fb_cbcc8d33aca04a47b04f8c99c111a7c2~mv2.jpg",conscious-swimwear,Lightweight shorts made of 100% organic cotton. Sustainable packaged.   
ORGANIC COTTON CAP,['100% organic cotton'],,['One Size (PRE-ORDER ships between 21-25 May)'],€35.00,https://www.consciousthelabel.com/product-page/organic-cotton-cap,"https://static.wixstatic.com/media/6733fb_64391547a8d141a4ae67a2f169fa52a6~mv2.jpg/v1/fill/w_1500,h_1018,al_c,q_85/6733fb_64391547a8d141a4ae67a2f169fa52a6~mv2.jpg",conscious-swimwear,100% organic cotton adjustable cap. 
