high_level,low_level,part,component_significance,component_value_percentage
shirts,T-Shirts,Padding,Tertiary,0%
shirts,T-Shirts,Cup Lining,Tertiary,0%
shirts,T-Shirts,Shell,Main,100%
shirts,T-Shirts,Net,Tertiary,5%
shirts,T-Shirts,Upper,Secondary,50%
shirts,T-Shirts,Lining,Tertiary,20%
shirts,T-Shirts,Cuff,Tertiary,5%
shirts,T-Shirts,Frill,Tertiary,5%
shirts,T-Shirts,Panels,Tertiary,20%
shirts,T-Shirts,Coating,Tertiary,5%
shirts,T-Shirts,Cup Lace,Tertiary,0%
shirts,T-Shirts,Lace,Tertiary,10%
shirts,T-Shirts,Elastic Section,Tertiary,5%
shirts,T-Shirts,Pocket Lining,Tertiary,5%
shirts,T-Shirts,Mesh,Tertiary,5%
shirts,T-Shirts,Sleeve,Tertiary,15%
shirts,T-Shirts,Hood Lining,Tertiary,0%
shirts,T-Shirts,Embroidery,Tertiary,10%
shirts,T-Shirts,Front,Secondary,50%
shirts,T-Shirts,Sole,Tertiary,0%
shirts,T-Shirts,Collar,Tertiary,10%
shirts,T-Shirts,Wing Lining,Tertiary,0%
shirts,T-Shirts,Details,Tertiary,5%
shirts,T-Shirts,Lower,Secondary,50%
shirts,T-Shirts,Lining and Insole,Tertiary,20%
shirts,T-Shirts,Other,Tertiary,5%
shirts,T-Shirts,Back,Secondary,50%
shirts,T-Shirts,Neck Lining,Tertiary,5%
shirts,T-Shirts,Gusset Lining,Tertiary,0%
shirts,T-Shirts,Wing,Tertiary,0%
shirts,T-Shirts,All,Main,100%
shirts,T-Shirts,Reverse,Secondary,50%
shirts,T-Shirts,Strap,Tertiary,0%
shirts,T-Shirts,Obverse,Secondary,50%
shirts,T-Shirts,Secondary fabric,Tertiary,10%
shirts,Tank Tops,Padding,Tertiary,0%
shirts,Tank Tops,Cup Lining,Tertiary,0%
shirts,Tank Tops,Shell,Main,100%
shirts,Tank Tops,Net,Tertiary,5%
shirts,Tank Tops,Upper,Secondary,50%
shirts,Tank Tops,Lining,Tertiary,20%
shirts,Tank Tops,Cuff,Tertiary,5%
shirts,Tank Tops,Frill,Tertiary,5%
shirts,Tank Tops,Panels,Tertiary,20%
shirts,Tank Tops,Coating,Tertiary,5%
shirts,Tank Tops,Cup Lace,Tertiary,0%
shirts,Tank Tops,Lace,Tertiary,10%
shirts,Tank Tops,Elastic Section,Tertiary,5%
shirts,Tank Tops,Pocket Lining,Tertiary,5%
shirts,Tank Tops,Mesh,Tertiary,5%
shirts,Tank Tops,Sleeve,Tertiary,0%
shirts,Tank Tops,Hood Lining,Tertiary,0%
shirts,Tank Tops,Embroidery,Tertiary,10%
shirts,Tank Tops,Front,Secondary,50%
shirts,Tank Tops,Sole,Tertiary,0%
shirts,Tank Tops,Collar,Tertiary,10%
shirts,Tank Tops,Wing Lining,Tertiary,0%
shirts,Tank Tops,Details,Tertiary,5%
shirts,Tank Tops,Lower,Secondary,50%
shirts,Tank Tops,Lining and Insole,Tertiary,20%
shirts,Tank Tops,Other,Tertiary,5%
shirts,Tank Tops,Back,Secondary,50%
shirts,Tank Tops,Neck Lining,Tertiary,5%
shirts,Tank Tops,Gusset Lining,Tertiary,5%
shirts,Tank Tops,Wing,Tertiary,5%
shirts,Tank Tops,All,Main,100%
shirts,Tank Tops,Reverse,Secondary,50%
shirts,Tank Tops,Strap,Tertiary,10%
shirts,Tank Tops,Obverse,Secondary,50%
shirts,Tank Tops,Secondary fabric,Tertiary,10%
shirts,Polo Shirts,Padding,Tertiary,0%
shirts,Polo Shirts,Cup Lining,Tertiary,0%
shirts,Polo Shirts,Shell,Main,100%
shirts,Polo Shirts,Net,Tertiary,0%
shirts,Polo Shirts,Upper,Secondary,50%
shirts,Polo Shirts,Lining,Tertiary,0%
shirts,Polo Shirts,Cuff,Tertiary,5%
shirts,Polo Shirts,Frill,Tertiary,5%
shirts,Polo Shirts,Panels,Tertiary,20%
shirts,Polo Shirts,Coating,Tertiary,5%
shirts,Polo Shirts,Cup Lace,Tertiary,0%
shirts,Polo Shirts,Lace,Tertiary,10%
shirts,Polo Shirts,Elastic Section,Tertiary,5%
shirts,Polo Shirts,Pocket Lining,Tertiary,5%
shirts,Polo Shirts,Mesh,Tertiary,5%
shirts,Polo Shirts,Sleeve,Tertiary,15%
shirts,Polo Shirts,Hood Lining,Tertiary,0%
shirts,Polo Shirts,Embroidery,Tertiary,10%
shirts,Polo Shirts,Front,Secondary,50%
shirts,Polo Shirts,Sole,Tertiary,0%
shirts,Polo Shirts,Collar,Tertiary,10%
shirts,Polo Shirts,Wing Lining,Tertiary,0%
shirts,Polo Shirts,Details,Tertiary,5%
shirts,Polo Shirts,Lower,Secondary,50%
shirts,Polo Shirts,Lining and Insole,Tertiary,0%
shirts,Polo Shirts,Other,Tertiary,5%
shirts,Polo Shirts,Back,Secondary,50%
shirts,Polo Shirts,Neck Lining,Tertiary,5%
shirts,Polo Shirts,Gusset Lining,Tertiary,0%
shirts,Polo Shirts,Wing,Tertiary,0%
shirts,Polo Shirts,All,Main,100%
shirts,Polo Shirts,Reverse,Secondary,50%
shirts,Polo Shirts,Strap,Tertiary,0%
shirts,Polo Shirts,Obverse,Secondary,50%
shirts,Polo Shirts,Secondary fabric,Tertiary,10%
shirts,Bandeau Tops,Padding,Tertiary,0%
shirts,Bandeau Tops,Cup Lining,Tertiary,0%
shirts,Bandeau Tops,Shell,Main,100%
shirts,Bandeau Tops,Net,Tertiary,5%
shirts,Bandeau Tops,Upper,Secondary,50%
shirts,Bandeau Tops,Lining,Tertiary,20%
shirts,Bandeau Tops,Cuff,Tertiary,0%
shirts,Bandeau Tops,Frill,Tertiary,5%
shirts,Bandeau Tops,Panels,Tertiary,20%
shirts,Bandeau Tops,Coating,Tertiary,5%
shirts,Bandeau Tops,Cup Lace,Tertiary,0%
shirts,Bandeau Tops,Lace,Tertiary,10%
shirts,Bandeau Tops,Elastic Section,Tertiary,10%
shirts,Bandeau Tops,Pocket Lining,Tertiary,0%
shirts,Bandeau Tops,Mesh,Tertiary,5%
shirts,Bandeau Tops,Sleeve,Tertiary,0%
shirts,Bandeau Tops,Hood Lining,Tertiary,0%
shirts,Bandeau Tops,Embroidery,Tertiary,10%
shirts,Bandeau Tops,Front,Secondary,50%
shirts,Bandeau Tops,Sole,Tertiary,0%
shirts,Bandeau Tops,Collar,Tertiary,0%
shirts,Bandeau Tops,Wing Lining,Tertiary,0%
shirts,Bandeau Tops,Details,Tertiary,5%
shirts,Bandeau Tops,Lower,Secondary,50%
shirts,Bandeau Tops,Lining and Insole,Tertiary,20%
shirts,Bandeau Tops,Other,Tertiary,5%
shirts,Bandeau Tops,Back,Secondary,50%
shirts,Bandeau Tops,Neck Lining,Tertiary,0%
shirts,Bandeau Tops,Gusset Lining,Tertiary,0%
shirts,Bandeau Tops,Wing,Tertiary,0%
shirts,Bandeau Tops,All,Main,100%
shirts,Bandeau Tops,Reverse,Secondary,50%
shirts,Bandeau Tops,Strap,Tertiary,0%
shirts,Bandeau Tops,Obverse,Secondary,50%
shirts,Bandeau Tops,Secondary fabric,Tertiary,10%
shirts,Bustier Tops,Padding,Tertiary,15%
shirts,Bustier Tops,Cup Lining,Tertiary,10%
shirts,Bustier Tops,Shell,Main,100%
shirts,Bustier Tops,Net,Tertiary,5%
shirts,Bustier Tops,Upper,Secondary,50%
shirts,Bustier Tops,Lining,Tertiary,30%
shirts,Bustier Tops,Cuff,Tertiary,0%
shirts,Bustier Tops,Frill,Tertiary,5%
shirts,Bustier Tops,Panels,Tertiary,20%
shirts,Bustier Tops,Coating,Tertiary,5%
shirts,Bustier Tops,Cup Lace,Tertiary,10%
shirts,Bustier Tops,Lace,Tertiary,10%
shirts,Bustier Tops,Elastic Section,Tertiary,10%
shirts,Bustier Tops,Pocket Lining,Tertiary,0%
shirts,Bustier Tops,Mesh,Tertiary,5%
shirts,Bustier Tops,Sleeve,Tertiary,0%
shirts,Bustier Tops,Hood Lining,Tertiary,0%
shirts,Bustier Tops,Embroidery,Tertiary,10%
shirts,Bustier Tops,Front,Secondary,50%
shirts,Bustier Tops,Sole,Tertiary,0%
shirts,Bustier Tops,Collar,Tertiary,0%
shirts,Bustier Tops,Wing Lining,Tertiary,0%
shirts,Bustier Tops,Details,Tertiary,5%
shirts,Bustier Tops,Lower,Secondary,50%
shirts,Bustier Tops,Lining and Insole,Tertiary,30%
shirts,Bustier Tops,Other,Tertiary,5%
shirts,Bustier Tops,Back,Secondary,50%
shirts,Bustier Tops,Neck Lining,Tertiary,0%
shirts,Bustier Tops,Gusset Lining,Tertiary,10%
shirts,Bustier Tops,Wing,Tertiary,10%
shirts,Bustier Tops,All,Main,100%
shirts,Bustier Tops,Reverse,Secondary,50%
shirts,Bustier Tops,Strap,Tertiary,10%
shirts,Bustier Tops,Obverse,Secondary,50%
shirts,Bustier Tops,Secondary fabric,Tertiary,10%
shirts,Crop Tops,Padding,Tertiary,15%
shirts,Crop Tops,Cup Lining,Tertiary,5%
shirts,Crop Tops,Shell,Main,100%
shirts,Crop Tops,Net,Tertiary,5%
shirts,Crop Tops,Upper,Secondary,50%
shirts,Crop Tops,Lining,Tertiary,20%
shirts,Crop Tops,Cuff,Tertiary,5%
shirts,Crop Tops,Frill,Tertiary,5%
shirts,Crop Tops,Panels,Tertiary,20%
shirts,Crop Tops,Coating,Tertiary,5%
shirts,Crop Tops,Cup Lace,Tertiary,5%
shirts,Crop Tops,Lace,Tertiary,10%
shirts,Crop Tops,Elastic Section,Tertiary,5%
shirts,Crop Tops,Pocket Lining,Tertiary,5%
shirts,Crop Tops,Mesh,Tertiary,5%
shirts,Crop Tops,Sleeve,Tertiary,15%
shirts,Crop Tops,Hood Lining,Tertiary,0%
shirts,Crop Tops,Embroidery,Tertiary,10%
shirts,Crop Tops,Front,Secondary,50%
shirts,Crop Tops,Sole,Tertiary,0%
shirts,Crop Tops,Collar,Tertiary,10%
shirts,Crop Tops,Wing Lining,Tertiary,5%
shirts,Crop Tops,Details,Tertiary,5%
shirts,Crop Tops,Lower,Secondary,50%
shirts,Crop Tops,Lining and Insole,Tertiary,20%
shirts,Crop Tops,Other,Tertiary,5%
shirts,Crop Tops,Back,Secondary,50%
shirts,Crop Tops,Neck Lining,Tertiary,5%
shirts,Crop Tops,Gusset Lining,Tertiary,0%
shirts,Crop Tops,Wing,Tertiary,10%
shirts,Crop Tops,All,Main,100%
shirts,Crop Tops,Reverse,Secondary,50%
shirts,Crop Tops,Strap,Tertiary,0%
shirts,Crop Tops,Obverse,Secondary,50%
shirts,Crop Tops,Secondary fabric,Tertiary,10%
shirts,Long Sleeve Buttondowns,Hood,Tertiary,15%
shirts,Long Sleeve Buttondowns,Padding,Tertiary,15%
shirts,Long Sleeve Buttondowns,Cup Lining,Tertiary,5%
shirts,Long Sleeve Buttondowns,Shell,Main,100%
shirts,Long Sleeve Buttondowns,Net,Tertiary,5%
shirts,Long Sleeve Buttondowns,Upper,Secondary,50%
shirts,Long Sleeve Buttondowns,Lining,Tertiary,30%
shirts,Long Sleeve Buttondowns,Cuff,Tertiary,5%
shirts,Long Sleeve Buttondowns,Frill,Tertiary,5%
shirts,Long Sleeve Buttondowns,Panels,Tertiary,20%
shirts,Long Sleeve Buttondowns,Coating,Tertiary,5%
shirts,Long Sleeve Buttondowns,Cup Lace,Tertiary,5%
shirts,Long Sleeve Buttondowns,Lace,Tertiary,10%
shirts,Long Sleeve Buttondowns,Elastic Section,Tertiary,5%
shirts,Long Sleeve Buttondowns,Pocket Lining,Tertiary,5%
shirts,Long Sleeve Buttondowns,Mesh,Tertiary,5%
shirts,Long Sleeve Buttondowns,Sleeve,Tertiary,20%
shirts,Long Sleeve Buttondowns,Hood Lining,Tertiary,10%
shirts,Long Sleeve Buttondowns,Embroidery,Tertiary,10%
shirts,Long Sleeve Buttondowns,Front,Secondary,50%
shirts,Long Sleeve Buttondowns,Sole,Tertiary,5%
shirts,Long Sleeve Buttondowns,Collar,Tertiary,10%
shirts,Long Sleeve Buttondowns,Wing Lining,Tertiary,5%
shirts,Long Sleeve Buttondowns,Details,Tertiary,5%
shirts,Long Sleeve Buttondowns,Lower,Secondary,50%
shirts,Long Sleeve Buttondowns,Lining and Insole,Tertiary,30%
shirts,Long Sleeve Buttondowns,Other,Tertiary,5%
shirts,Long Sleeve Buttondowns,Back,Secondary,50%
shirts,Long Sleeve Buttondowns,Neck Lining,Tertiary,5%
shirts,Long Sleeve Buttondowns,Gusset Lining,Tertiary,5%
shirts,Long Sleeve Buttondowns,Wing,Tertiary,10%
shirts,Long Sleeve Buttondowns,All,Main,100%
shirts,Long Sleeve Buttondowns,Reverse,Secondary,50%
shirts,Long Sleeve Buttondowns,Strap,Tertiary,0%
shirts,Long Sleeve Buttondowns,Obverse,Secondary,50%
shirts,Long Sleeve Buttondowns,Secondary fabric,Tertiary,10%
shirts,Short Sleeve Buttondowns,Padding,Tertiary,15%
shirts,Short Sleeve Buttondowns,Cup Lining,Tertiary,5%
shirts,Short Sleeve Buttondowns,Shell,Main,100%
shirts,Short Sleeve Buttondowns,Net,Tertiary,5%
shirts,Short Sleeve Buttondowns,Upper,Secondary,50%
shirts,Short Sleeve Buttondowns,Lining,Tertiary,30%
shirts,Short Sleeve Buttondowns,Cuff,Tertiary,5%
shirts,Short Sleeve Buttondowns,Frill,Tertiary,5%
shirts,Short Sleeve Buttondowns,Panels,Tertiary,20%
shirts,Short Sleeve Buttondowns,Coating,Tertiary,5%
shirts,Short Sleeve Buttondowns,Cup Lace,Tertiary,5%
shirts,Short Sleeve Buttondowns,Lace,Tertiary,10%
shirts,Short Sleeve Buttondowns,Elastic Section,Tertiary,5%
shirts,Short Sleeve Buttondowns,Pocket Lining,Tertiary,5%
shirts,Short Sleeve Buttondowns,Mesh,Tertiary,5%
shirts,Short Sleeve Buttondowns,Sleeve,Tertiary,10%
shirts,Short Sleeve Buttondowns,Hood Lining,Tertiary,10%
shirts,Short Sleeve Buttondowns,Embroidery,Tertiary,10%
shirts,Short Sleeve Buttondowns,Front,Secondary,50%
shirts,Short Sleeve Buttondowns,Sole,Tertiary,5%
shirts,Short Sleeve Buttondowns,Collar,Tertiary,10%
shirts,Short Sleeve Buttondowns,Wing Lining,Tertiary,5%
shirts,Short Sleeve Buttondowns,Details,Tertiary,5%
shirts,Short Sleeve Buttondowns,Lower,Secondary,50%
shirts,Short Sleeve Buttondowns,Lining and Insole,Tertiary,30%
shirts,Short Sleeve Buttondowns,Other,Tertiary,5%
shirts,Short Sleeve Buttondowns,Back,Secondary,50%
shirts,Short Sleeve Buttondowns,Neck Lining,Tertiary,5%
shirts,Short Sleeve Buttondowns,Gusset Lining,Tertiary,5%
shirts,Short Sleeve Buttondowns,Wing,Tertiary,10%
shirts,Short Sleeve Buttondowns,All,Main,100%
shirts,Short Sleeve Buttondowns,Reverse,Secondary,50%
shirts,Short Sleeve Buttondowns,Strap,Tertiary,0%
shirts,Short Sleeve Buttondowns,Obverse,Secondary,50%
shirts,Short Sleeve Buttondowns,Secondary fabric,Tertiary,10%
shirts,Sleeveless Buttondowns,Padding,Tertiary,15%
shirts,Sleeveless Buttondowns,Cup Lining,Tertiary,5%
shirts,Sleeveless Buttondowns,Shell,Main,100%
shirts,Sleeveless Buttondowns,Net,Tertiary,5%
shirts,Sleeveless Buttondowns,Upper,Secondary,50%
shirts,Sleeveless Buttondowns,Lining,Tertiary,30%
shirts,Sleeveless Buttondowns,Cuff,Tertiary,0%
shirts,Sleeveless Buttondowns,Frill,Tertiary,5%
shirts,Sleeveless Buttondowns,Panels,Tertiary,20%
shirts,Sleeveless Buttondowns,Coating,Tertiary,5%
shirts,Sleeveless Buttondowns,Cup Lace,Tertiary,5%
shirts,Sleeveless Buttondowns,Lace,Tertiary,10%
shirts,Sleeveless Buttondowns,Elastic Section,Tertiary,5%
shirts,Sleeveless Buttondowns,Pocket Lining,Tertiary,5%
shirts,Sleeveless Buttondowns,Mesh,Tertiary,5%
shirts,Sleeveless Buttondowns,Sleeve,Tertiary,0%
shirts,Sleeveless Buttondowns,Hood Lining,Tertiary,10%
shirts,Sleeveless Buttondowns,Embroidery,Tertiary,10%
shirts,Sleeveless Buttondowns,Front,Secondary,50%
shirts,Sleeveless Buttondowns,Sole,Tertiary,5%
shirts,Sleeveless Buttondowns,Collar,Tertiary,10%
shirts,Sleeveless Buttondowns,Wing Lining,Tertiary,5%
shirts,Sleeveless Buttondowns,Details,Tertiary,5%
shirts,Sleeveless Buttondowns,Lower,Secondary,50%
shirts,Sleeveless Buttondowns,Lining and Insole,Tertiary,30%
shirts,Sleeveless Buttondowns,Other,Tertiary,5%
shirts,Sleeveless Buttondowns,Back,Secondary,50%
shirts,Sleeveless Buttondowns,Neck Lining,Tertiary,5%
shirts,Sleeveless Buttondowns,Gusset Lining,Tertiary,5%
shirts,Sleeveless Buttondowns,Wing,Tertiary,10%
shirts,Sleeveless Buttondowns,All,Main,100%
shirts,Sleeveless Buttondowns,Reverse,Secondary,50%
shirts,Sleeveless Buttondowns,Strap,Tertiary,0%
shirts,Sleeveless Buttondowns,Obverse,Secondary,50%
shirts,Sleeveless Buttondowns,Secondary fabric,Tertiary,10%
sweaters,Sweaters,Embroidery,Tertiary,10%
sweaters,Sweaters,Collar,Tertiary,10%
sweaters,Sweaters,Lower,Secondary,50%
sweaters,Sweaters,Padding,Tertiary,20%
sweaters,Sweaters,Back,Secondary,50%
sweaters,Sweaters,Shell,Main,100%
sweaters,Sweaters,Lace,Tertiary,10%
sweaters,Sweaters,Elastic Section,Tertiary,5%
sweaters,Sweaters,Lining,Tertiary,30%
sweaters,Sweaters,Pocket Lining,Tertiary,5%
sweaters,Sweaters,Cuff,Tertiary,5%
sweaters,Sweaters,Hood Lining,Tertiary,10%
sweaters,Sweaters,All,Main,100%
sweaters,Sweaters,Reverse,Secondary,50%
sweaters,Sweaters,Strap,Tertiary,0%
sweaters,Sweaters,Obverse,Secondary,50%
sweaters,Sweaters,Secondary fabric,Tertiary,10%
sweaters,Cardigans,Details,Tertiary,5%
sweaters,Cardigans,Embroidery,Tertiary,10%
sweaters,Cardigans,Collar,Tertiary,10%
sweaters,Cardigans,Lower,Secondary,50%
sweaters,Cardigans,Padding,Tertiary,20%
sweaters,Cardigans,Back,Secondary,50%
sweaters,Cardigans,Shell,Main,100%
sweaters,Cardigans,Lace,Tertiary,10%
sweaters,Cardigans,Elastic Section,Tertiary,5%
sweaters,Cardigans,Lining,Tertiary,30%
sweaters,Cardigans,Pocket Lining,Tertiary,5%
sweaters,Cardigans,Cuff,Tertiary,5%
sweaters,Cardigans,Hood Lining,Tertiary,10%
sweaters,Cardigans,All,Main,100%
sweaters,Cardigans,Reverse,Secondary,50%
sweaters,Cardigans,Strap,Tertiary,0%
sweaters,Cardigans,Obverse,Secondary,50%
sweaters,Cardigans,Secondary fabric,Tertiary,10%
sweaters,Cardigans,other,Tertiary,5%
sweaters,Fleece,Hood,Tertiary,15%
sweaters,Fleece,Lower,Secondary,50%
sweaters,Fleece,Padding,Tertiary,20%
sweaters,Fleece,Back,Secondary,50%
sweaters,Fleece,Shell,Main,100%
sweaters,Fleece,Lace,Tertiary,10%
sweaters,Fleece,Elastic Section,Tertiary,5%
sweaters,Fleece,Lining,Tertiary,30%
sweaters,Fleece,Pocket Lining,Tertiary,5%
sweaters,Fleece,Cuff,Tertiary,5%
sweaters,Fleece,Hood Lining,Tertiary,10%
sweaters,Fleece,All,Main,100%
sweaters,Fleece,Reverse,Secondary,50%
sweaters,Fleece,Strap,Tertiary,0%
sweaters,Fleece,Obverse,Secondary,50%
sweaters,Fleece,Secondary fabric,Tertiary,10%
sweaters,Fleece,other,tertiary,5%
hoodies,Hoodies,Details,Tertiary,5%
hoodies,Hoodies,Neck Lining,Tertiary,5%
hoodies,Hoodies,Lower,Secondary,50%
hoodies,Hoodies,Sleeve,Tertiary,20%
hoodies,Hoodies,Padding,Tertiary,20%
hoodies,Hoodies,Shell,Main,100%
hoodies,Hoodies,Waist,Tertiary,10%
hoodies,Hoodies,Faux Fur,Tertiary,10%
hoodies,Hoodies,Upper,Secondary,50%
hoodies,Hoodies,Hood,Tertiary,15%
hoodies,Hoodies,Coating,Tertiary,5%
hoodies,Hoodies,Elastic Section,Tertiary,5%
hoodies,Hoodies,Lining,Tertiary,30%
hoodies,Hoodies,Pocket Lining,Tertiary,5%
hoodies,Hoodies,Hood Lining,Tertiary,10%
hoodies,Hoodies,All,Main,100%
hoodies,Hoodies,Reverse,Secondary,50%
hoodies,Hoodies,Strap,Tertiary,0%
hoodies,Hoodies,Obverse,Secondary,50%
hoodies,Hoodies,Secondary fabric,Tertiary,10%
sweatshirts,Sweatshirts,Lace,Tertiary,10%
sweatshirts,Sweatshirts,Neck Lining,Tertiary,5%
sweatshirts,Sweatshirts,Embroidery,Tertiary,5%
sweatshirts,Sweatshirts,Details,Tertiary,5%
sweatshirts,Sweatshirts,Collar,Tertiary,10%
sweatshirts,Sweatshirts,Cuff,Tertiary,5%
sweatshirts,Sweatshirts,Lower,Secondary,50%
sweatshirts,Sweatshirts,Sleeve,Tertiary,20%
sweatshirts,Sweatshirts,Padding,Tertiary,20%
sweatshirts,Sweatshirts,Shell,Main,100%
sweatshirts,Sweatshirts,Waist,Tertiary,10%
sweatshirts,Sweatshirts,Faux Fur,Tertiary,10%
sweatshirts,Sweatshirts,Upper,Secondary,50%
sweatshirts,Sweatshirts,Hood,Tertiary,0%
sweatshirts,Sweatshirts,Coating,Tertiary,5%
sweatshirts,Sweatshirts,Elastic Section,Tertiary,5%
sweatshirts,Sweatshirts,Lining,Tertiary,30%
sweatshirts,Sweatshirts,Pocket Lining,Tertiary,5%
sweatshirts,Sweatshirts,Hood Lining,Tertiary,0%
sweatshirts,Sweatshirts,All,Main,100%
sweatshirts,Sweatshirts,Reverse,Secondary,50%
sweatshirts,Sweatshirts,Strap,Tertiary,0%
sweatshirts,Sweatshirts,Obverse,Secondary,50%
sweatshirts,Sweatshirts,Secondary fabric,Tertiary,10%
shorts,Shorts,Front,Secondary,50%
shorts,Shorts,Embroidery,Tertiary,5%
shorts,Shorts,Back,Secondary,50%
shorts,Shorts,Lower,Secondary,50%
shorts,Shorts,Pocket Lining,Tertiary,5%
shorts,Shorts,Padding,Tertiary,20%
shorts,Shorts,Shell,Main,100%
shorts,Shorts,Waist,Tertiary,10%
shorts,Shorts,Details,Tertiary,5%
shorts,Shorts,Lace,Tertiary,5%
shorts,Shorts,Coating,Tertiary,5%
shorts,Shorts,Panels,Tertiary,20%
shorts,Shorts,Gusset Lining,Tertiary,5%
shorts,Shorts,Inner Layer,Tertiary,30%
shorts,Shorts,Elastic Section,Tertiary,5%
shorts,Shorts,Lining,Tertiary,30%
shorts,Shorts,Mesh,Tertiary,5%
shorts,Shorts,All,Main,100%
shorts,Shorts,Reverse,Secondary,50%
shorts,Shorts,Strap,Tertiary,0%
shorts,Shorts,Obverse,Secondary,50%
shorts,Shorts,Secondary fabric,Tertiary,10%
skirts,Skirts,Lace,Tertiary,10%
skirts,Skirts,Embroidery,Tertiary,10%
skirts,Skirts,Other,Tertiary,1%
skirts,Skirts,Lower,Secondary,50%
skirts,Skirts,Pocket Lining,Tertiary,5%
skirts,Skirts,Shell,Main,100%
skirts,Skirts,Waist,Tertiary,10%
skirts,Skirts,Upper,Secondary,50%
skirts,Skirts,Coating,Tertiary,5%
skirts,Skirts,Details,Tertiary,5%
skirts,Skirts,Elastic Section,Tertiary,5%
skirts,Skirts,Lining,Tertiary,30%
skirts,Skirts,Mesh,Tertiary,5%
skirts,Skirts,All,Main,100%
skirts,Skirts,Reverse,Secondary,50%
shirts,Skirts,Strap,Tertiary,0%
skirts,Skirts,Obverse,Secondary,50%
skirts,Skirts,Secondary fabric,Tertiary,10%
pants,Casual Pants,Lace,Tertiary,10%
pants,Casual Pants,Embroidery,Tertiary,10%
pants,Casual Pants,Belt,Tertiary,10%
pants,Casual Pants,Pocket Lining,Tertiary,5%
pants,Casual Pants,Padding,Tertiary,20%
pants,Casual Pants,Shell,Main,100%
pants,Casual Pants,Waist,Tertiary,10%
pants,Casual Pants,Panels,Tertiary,20%
pants,Casual Pants,Coating,Tertiary,5%
pants,Casual Pants,Elastic Section,Tertiary,5%
pants,Casual Pants,Details,Tertiary,5%
pants,Casual Pants,Inner Layer,Tertiary,30%
pants,Casual Pants,Lining,Tertiary,30%
pants,Casual Pants,All,Main,100%
pants,Casual Pants,Reverse,Secondary,50%
pants,Casual Pants,Strap,Tertiary,0%
pants,Casual Pants,Obverse,Secondary,50%
pants,Casual Pants,Secondary fabric,Tertiary,10%
pants,Leggings,Mesh,Tertiary,10%
pants,Leggings,Upper,Secondary,50%
pants,Leggings,Lower,Secondary,50%
pants,Leggings,Neck Lining,Tertiary,5%
pants,Leggings,Embroidery,Tertiary,5%
pants,Leggings,Belt,Tertiary,0%
pants,Leggings,Pocket Lining,Tertiary,5%
pants,Leggings,Padding,Tertiary,20%
pants,Leggings,Shell,Main,100%
pants,Leggings,Waist,Tertiary,15%
pants,Leggings,Panels,Tertiary,20%
pants,Leggings,Coating,Tertiary,5%
pants,Leggings,Elastic Section,Tertiary,10%
pants,Leggings,Details,Tertiary,5%
pants,Leggings,Inner Layer,Tertiary,30%
pants,Leggings,Lining,Tertiary,20%
pants,Leggings,All,Main,100%
pants,Leggings,Reverse,Secondary,50%
pants,Leggings,Strap,Tertiary,0%
pants,Leggings,Obverse,Secondary,50%
pants,Leggings,Secondary fabric,Tertiary,10%
pants,Cargo/Carpenter Pants,Belt,Tertiary,10%
pants,Cargo/Carpenter Pants,Pocket Lining,Tertiary,10%
pants,Cargo/Carpenter Pants,Padding,Tertiary,20%
pants,Cargo/Carpenter Pants,Shell,Main,100%
pants,Cargo/Carpenter Pants,Waist,Tertiary,10%
pants,Cargo/Carpenter Pants,Panels,Tertiary,20%
pants,Cargo/Carpenter Pants,Coating,Tertiary,5%
pants,Cargo/Carpenter Pants,Elastic Section,Tertiary,5%
pants,Cargo/Carpenter Pants,Details,Tertiary,5%
pants,Cargo/Carpenter Pants,Inner Layer,Tertiary,30%
pants,Cargo/Carpenter Pants,Lining,Tertiary,30%
pants,Cargo/Carpenter Pants,All,Main,100%
pants,Cargo/Carpenter Pants,Reverse,Secondary,50%
pants,Cargo/Carpenter Pants,Strap,Tertiary,0%
pants,Cargo/Carpenter Pants,Obverse,Secondary,50%
pants,Cargo/Carpenter Pants,Secondary fabric,Tertiary,10%
pants,Dress Pants,Belt,Tertiary,10%
pants,Dress Pants,Pocket Lining,Tertiary,5%
pants,Dress Pants,Padding,Tertiary,20%
pants,Dress Pants,Shell,Main,100%
pants,Dress Pants,Waist,Tertiary,10%
pants,Dress Pants,Panels,Tertiary,20%
pants,Dress Pants,Coating,Tertiary,5%
pants,Dress Pants,Elastic Section,Tertiary,5%
pants,Dress Pants,Details,Tertiary,5%
pants,Dress Pants,Inner Layer,Tertiary,30%
pants,Dress Pants,Lining,Tertiary,20%
pants,Dress Pants,All,Main,100%
pants,Dress Pants,Reverse,Secondary,50%
pants,Dress Pants,Strap,Tertiary,0%
pants,Dress Pants,Obverse,Secondary,50%
pants,Dress Pants,Secondary fabric,Tertiary,10%
joggers,Joggers,Shell,Main,100%
joggers,Joggers,Lining,Tertiary,30%
joggers,Joggers,Coating,Tertiary,5%
joggers,Joggers,Elastic Section,Tertiary,5%
joggers,Joggers,Pocket Lining,Tertiary,5%
joggers,Joggers,Mesh,Tertiary,5%
joggers,Joggers,Front,Secondary,50%
joggers,Joggers,Waist,Tertiary,10%
joggers,Joggers,Details,Tertiary,5%
joggers,Joggers,Lower,Secondary,50%
joggers,Joggers,Other,Main,100%
joggers,Joggers,Back,Secondary,50%
joggers,Joggers,Neck Lining,Tertiary,0%
joggers,Joggers,Gusset Lining,Tertiary,5%
joggers,Joggers,All,Main,100%
joggers,Joggers,Reverse,Secondary,50%
joggers,Joggers,Strap,Tertiary,0%
joggers,Joggers,Obverse,Secondary,50%
joggers,Joggers,Secondary fabric,Tertiary,10%
jeans,Jeans,Front,Secondary,50%
jeans,Jeans,Padding,Tertiary,20%
jeans,Jeans,Shell,Main,100%
jeans,Jeans,Waist,Tertiary,10%
jeans,Jeans,Collar,Tertiary,0%
jeans,Jeans,Elastic Section,Tertiary,5%
jeans,Jeans,Lining,Tertiary,30%
jeans,Jeans,Pocket Lining,Tertiary,5%
jeans,Jeans,All,Main,100%
jeans,Jeans,Reverse,Secondary,50%
jeans,Jeans,Strap,Tertiary,0%
jeans,Jeans,Obverse,Secondary,50%
jeans,Jeans,Secondary fabric,Tertiary,10%
dresses,Short Dresses,Lining and Insole,Tertiary,30%
dresses,Short Dresses,Lower,Secondary,50%
dresses,Short Dresses,Sole,Tertiary,0%
dresses,Short Dresses,Shell,Main,100%
dresses,Short Dresses,Upper,Secondary,50%
dresses,Short Dresses,Elastic Section,Tertiary,5%
dresses,Short Dresses,Lace,Tertiary,10%
dresses,Short Dresses,Coating,Tertiary,5%
dresses,Short Dresses,Details,Tertiary,5%
dresses,Short Dresses,Lining,Tertiary,30%
dresses,Short Dresses,Mesh,Tertiary,5%
dresses,Short Dresses,Cuff,Tertiary,5%
dresses,Short Dresses,All,Main,100%
dresses,Short Dresses,Reverse,Secondary,50%
dresses,Short Dresses,Strap,Tertiary,10%
dresses,Short Dresses,Obverse,Secondary,50%
dresses,Short Dresses,Secondary fabric,Tertiary,10%
dresses,Midi Dresses,Padding,Tertiary,15%
dresses,Midi Dresses,Pocket Lining,Tertiary,5%
dresses,Midi Dresses,Embroidery,Tertiary,10%
dresses,Midi Dresses,Collar,Tertiary,5%
dresses,Midi Dresses,Lining and Insole,Tertiary,30%
dresses,Midi Dresses,Lower,Secondary,50%
dresses,Midi Dresses,Sole,Tertiary,0%
dresses,Midi Dresses,Shell,Main,100%
dresses,Midi Dresses,Upper,Secondary,50%
dresses,Midi Dresses,Elastic Section,Tertiary,5%
dresses,Midi Dresses,Lace,Tertiary,10%
dresses,Midi Dresses,Coating,Tertiary,5%
dresses,Midi Dresses,Details,Tertiary,5%
dresses,Midi Dresses,Lining,Tertiary,30%
dresses,Midi Dresses,Mesh,Tertiary,5%
dresses,Midi Dresses,Cuff,Tertiary,5%
dresses,Midi Dresses,All,Main,100%
dresses,Midi Dresses,Reverse,Secondary,50%
dresses,Midi Dresses,Strap,Tertiary,5%
dresses,Midi Dresses,Obverse,Secondary,50%
dresses,Midi Dresses,Secondary fabric,Tertiary,15%
dresses,Maxi Dresses,Padding,Tertiary,15%
dresses,Maxi Dresses,Embroidery,Tertiary,10%
dresses,Maxi Dresses,Lining and Insole,Tertiary,30%
dresses,Maxi Dresses,Lower,Secondary,60%
dresses,Maxi Dresses,Sole,Tertiary,0%
dresses,Maxi Dresses,Shell,Main,100%
dresses,Maxi Dresses,Upper,Secondary,40%
dresses,Maxi Dresses,Elastic Section,Tertiary,5%
dresses,Maxi Dresses,Lace,Tertiary,10%
dresses,Maxi Dresses,Coating,Tertiary,5%
dresses,Maxi Dresses,Details,Tertiary,5%
dresses,Maxi Dresses,Lining,Tertiary,30%
dresses,Maxi Dresses,Mesh,Tertiary,5%
dresses,Maxi Dresses,Cuff,Tertiary,5%
dresses,Maxi Dresses,All,Main,100%
dresses,Maxi Dresses,Reverse,Secondary,50%
dresses,Maxi Dresses,Strap,Tertiary,5%
dresses,Maxi Dresses,Obverse,Secondary,50%
dresses,Maxi Dresses,Secondary fabric,Tertiary,15%
rompers,Rompers/Jumpsuits,Embroidery,Tertiary,10%
rompers,Rompers/Jumpsuits,Collar,Tertiary,5%
rompers,Rompers/Jumpsuits,Hood Lining,Tertiary,10%
rompers,Rompers/Jumpsuits,Details,Tertiary,5%
rompers,Rompers/Jumpsuits,Coating,Tertiary,5%
rompers,Rompers/Jumpsuits,Lower,Secondary,50%
rompers,Rompers/Jumpsuits,Shell,Main,100%
rompers,Rompers/Jumpsuits,Upper,Secondary,50%
rompers,Rompers/Jumpsuits,Lace,Tertiary,10%
rompers,Rompers/Jumpsuits,Elastic Section,Tertiary,5%
rompers,Rompers/Jumpsuits,Lining,Tertiary,30%
rompers,Rompers/Jumpsuits,Pocket Lining,Tertiary,5%
rompers,Rompers/Jumpsuits,All,Main,100%
rompers,Rompers/Jumpsuits,Reverse,Secondary,50%
rompers,Rompers/Jumpsuits,Strap,Tertiary,0%
rompers,Rompers/Jumpsuits,Obverse,Secondary,50%
rompers,Rompers/Jumpsuits,Secondary fabric,Tertiary,10%
outerwear,Blazers,Padding,Tertiary,20%
outerwear,Blazers,Shell,Main,100%
outerwear,Blazers,Faux Fur,Tertiary,10%
outerwear,Blazers,Upper,Secondary,50%
outerwear,Blazers,Lining,Tertiary,30%
outerwear,Blazers,Cuff,Tertiary,5%
outerwear,Blazers,Panels,Tertiary,20%
outerwear,Blazers,Coating,Tertiary,5%
outerwear,Blazers,Elastic Section,Tertiary,5%
outerwear,Blazers,Pocket Lining,Tertiary,5%
outerwear,Blazers,Hood Lining,Tertiary,10%
outerwear,Blazers,Front,Secondary,50%
outerwear,Blazers,Collar,Tertiary,10%
outerwear,Blazers,Sleeve,Tertiary,10%
outerwear,Blazers,Lower,Secondary,50%
outerwear,Blazers,Back,Secondary,50%
outerwear,Blazers,Hood,Tertiary,15%
outerwear,Blazers,Inner Layer,Tertiary,30%
outerwear,Blazers,All,Main,100%
outerwear,Blazers,Reverse,Secondary,50%
outerwear,Blazers,Strap,Tertiary,0%
outerwear,Blazers,Obverse,Secondary,50%
outerwear,Blazers,Secondary fabric,Tertiary,10%
outerwear,Jackets,Details,Tertiary,10%
outerwear,Jackets,Embroidery,Tertiary,10%
outerwear,Jackets,Padding,Tertiary,20%
outerwear,Jackets,Shell,Main,100%
outerwear,Jackets,Faux Fur,Tertiary,10%
outerwear,Jackets,Upper,Secondary,50%
outerwear,Jackets,Lining,Tertiary,30%
outerwear,Jackets,Cuff,Tertiary,10%
outerwear,Jackets,Panels,Tertiary,20%
outerwear,Jackets,Coating,Tertiary,5%
outerwear,Jackets,Elastic Section,Tertiary,5%
outerwear,Jackets,Pocket Lining,Tertiary,5%
outerwear,Jackets,Hood Lining,Tertiary,10%
outerwear,Jackets,Front,Secondary,50%
outerwear,Jackets,Collar,Tertiary,10%
outerwear,Jackets,Sleeve,Tertiary,20%
outerwear,Jackets,Lower,Secondary,50%
outerwear,Jackets,Back,Secondary,50%
outerwear,Jackets,Hood,Tertiary,15%
outerwear,Jackets,Inner Layer,Tertiary,30%
outerwear,Jackets,All,Main,100%
outerwear,Jackets,Reverse,Secondary,50%
outerwear,Jackets,Strap,Tertiary,0%
outerwear,Jackets,Obverse,Secondary,50%
outerwear,Jackets,Secondary fabric,Tertiary,10%
outerwear,Coats,Padding,Tertiary,20%
outerwear,Coats,Shell,Main,100%
outerwear,Coats,Faux Fur,Tertiary,10%
outerwear,Coats,Upper,Secondary,50%
outerwear,Coats,Lining,Tertiary,30%
outerwear,Coats,Cuff,Tertiary,10%
outerwear,Coats,Panels,Tertiary,20%
outerwear,Coats,Coating,Tertiary,5%
outerwear,Coats,Elastic Section,Tertiary,5%
outerwear,Coats,Pocket Lining,Tertiary,5%
outerwear,Coats,Hood Lining,Tertiary,10%
outerwear,Coats,Front,Secondary,50%
outerwear,Coats,Collar,Tertiary,10%
outerwear,Coats,Sleeve,Tertiary,20%
outerwear,Coats,Lower,Secondary,50%
outerwear,Coats,Back,Secondary,50%
outerwear,Coats,Hood,Tertiary,15%
outerwear,Coats,Inner Layer,Tertiary,30%
outerwear,Coats,All,Main,100%
outerwear,Coats,Reverse,Secondary,50%
outerwear,Coats,Strap,Tertiary,0%
outerwear,Coats,Obverse,Secondary,50%
outerwear,Coats,Secondary fabric,Tertiary,10%
outerwear,Filled Outerwear,Lace,Tertiary,10%
outerwear,Filled Outerwear,Embroidery,Tertiary,10%
outerwear,Filled Outerwear,Details,Tertiary,5%
outerwear,Filled Outerwear,Padding,Tertiary,50%
outerwear,Filled Outerwear,Shell,Main,100%
outerwear,Filled Outerwear,Faux Fur,Tertiary,10%
outerwear,Filled Outerwear,Upper,Secondary,50%
outerwear,Filled Outerwear,Lining,Tertiary,30%
outerwear,Filled Outerwear,Cuff,Tertiary,10%
outerwear,Filled Outerwear,Panels,Tertiary,20%
outerwear,Filled Outerwear,Coating,Tertiary,5%
outerwear,Filled Outerwear,Elastic Section,Tertiary,5%
outerwear,Filled Outerwear,Pocket Lining,Tertiary,5%
outerwear,Filled Outerwear,Hood Lining,Tertiary,10%
outerwear,Filled Outerwear,Front,Secondary,50%
outerwear,Filled Outerwear,Collar,Tertiary,10%
outerwear,Filled Outerwear,Sleeve,Tertiary,20%
outerwear,Filled Outerwear,Lower,Secondary,50%
outerwear,Filled Outerwear,Back,Secondary,50%
outerwear,Filled Outerwear,Hood,Tertiary,15%
outerwear,Filled Outerwear,Inner Layer,Tertiary,30%
outerwear,Filled Outerwear,All,Main,100%
outerwear,Filled Outerwear,Reverse,Secondary,50%
outerwear,Filled Outerwear,Strap,Tertiary,0%
outerwear,Filled Outerwear,Obverse,Secondary,50%
outerwear,Filled Outerwear,Secondary fabric,Tertiary,10%
outerwear,Ponchos,Padding,Tertiary,20%
outerwear,Ponchos,Shell,Main,100%
outerwear,Ponchos,Faux Fur,Tertiary,10%
outerwear,Ponchos,Upper,Secondary,50%
outerwear,Ponchos,Lining,Tertiary,30%
outerwear,Ponchos,Cuff,Tertiary,5%
outerwear,Ponchos,Panels,Tertiary,20%
outerwear,Ponchos,Coating,Tertiary,5%
outerwear,Ponchos,Elastic Section,Tertiary,5%
outerwear,Ponchos,Pocket Lining,Tertiary,5%
outerwear,Ponchos,Hood Lining,Tertiary,5%
outerwear,Ponchos,Front,Secondary,50%
outerwear,Ponchos,Collar,Tertiary,10%
outerwear,Ponchos,Sleeve,Tertiary,20%
outerwear,Ponchos,Lower,Secondary,50%
outerwear,Ponchos,Back,Secondary,50%
outerwear,Ponchos,Hood,Tertiary,10%
outerwear,Ponchos,Inner Layer,Tertiary,30%
outerwear,Ponchos,All,Main,100%
outerwear,Ponchos,Reverse,Secondary,50%
outerwear,Ponchos,Strap,Tertiary,0%
outerwear,Ponchos,Obverse,Secondary,50%
outerwear,Ponchos,Secondary fabric,Tertiary,10%
intimates,Bra,Padding,Tertiary,30%
intimates,Bra,Cup Lining,Tertiary,15%
intimates,Bra,Shell,Main,100%
intimates,Bra,Net,Tertiary,20%
intimates,Bra,Upper,Secondary,50%
intimates,Bra,Side Part,Tertiary,25%
intimates,Bra,Lining,Tertiary,30%
intimates,Bra,Cup Lace,Tertiary,30%
intimates,Bra,Coating,Tertiary,5%
intimates,Bra,Lace,Tertiary,30%
intimates,Bra,Elastic Section,Tertiary,15%
intimates,Bra,Mesh,Tertiary,10%
intimates,Bra,Embroidery,Tertiary,10%
intimates,Bra,Front,Secondary,50%
intimates,Bra,Sole,Tertiary,0%
intimates,Bra,Waist,Secondary,0%
intimates,Bra,Wing Lining,Tertiary,10%
intimates,Bra,Details,Tertiary,10%
intimates,Bra,Lower,Secondary,50%
intimates,Bra,Other,Tertiary,0%
intimates,Bra,Lining and Insole,Tertiary,30%
intimates,Bra,Back,Secondary,50%
intimates,Bra,Gusset Lining,Tertiary,10%
intimates,Bra,Wing,Tertiary,20%
intimates,Bra,All,Main,100%
intimates,Bra,Reverse,Secondary,50%
intimates,Bra,Strap,Tertiary,10%
intimates,Bra,Obverse,Secondary,50%
intimates,Bra,Secondary fabric,Tertiary,10%
intimates,Underwear,Padding,Tertiary,30%
intimates,Underwear,Cup Lining,Tertiary,0%
intimates,Underwear,Shell,Main,100%
intimates,Underwear,Net,Tertiary,10%
intimates,Underwear,Upper,Secondary,50%
intimates,Underwear,Side Part,Tertiary,20%
intimates,Underwear,Lining,Tertiary,30%
intimates,Underwear,Cup Lace,Tertiary,0%
intimates,Underwear,Coating,Tertiary,5%
intimates,Underwear,Lace,Tertiary,20%
intimates,Underwear,Elastic Section,Tertiary,5%
intimates,Underwear,Mesh,Tertiary,10%
intimates,Underwear,Embroidery,Tertiary,10%
intimates,Underwear,Front,Secondary,50%
intimates,Underwear,Sole,Tertiary,0%
intimates,Underwear,Waist,Secondary,5%
intimates,Underwear,Wing Lining,Tertiary,10%
intimates,Underwear,Details,Tertiary,10%
intimates,Underwear,Lower,Secondary,50%
intimates,Underwear,Other,Tertiary,0%
intimates,Underwear,Lining and Insole,Tertiary,30%
intimates,Underwear,Back,Secondary,50%
intimates,Underwear,Gusset Lining,Tertiary,10%
intimates,Underwear,Wing,Tertiary,0%
intimates,Underwear,All,Main,100%
intimates,Underwear,Reverse,Secondary,50%
intimates,Underwear,Strap,Tertiary,0%
intimates,Underwear,Obverse,Secondary,50%
intimates,Underwear,Secondary fabric,Tertiary,10%
intimates,Body Suit,Padding,Tertiary,15%
intimates,Body Suit,Cup Lining,Tertiary,10%
intimates,Body Suit,Shell,Main,100%
intimates,Body Suit,Net,Tertiary,20%
intimates,Body Suit,Upper,Secondary,50%
intimates,Body Suit,Side Part,Tertiary,25%
intimates,Body Suit,Lining,Tertiary,30%
intimates,Body Suit,Cup Lace,Tertiary,15%
intimates,Body Suit,Coating,Tertiary,5%
intimates,Body Suit,Lace,Tertiary,30%
intimates,Body Suit,Elastic Section,Tertiary,15%
intimates,Body Suit,Mesh,Tertiary,10%
intimates,Body Suit,Embroidery,Tertiary,10%
intimates,Body Suit,Front,Secondary,50%
intimates,Body Suit,Sole,Tertiary,0%
intimates,Body Suit,Waist,Secondary,30%
intimates,Body Suit,Wing Lining,Tertiary,10%
intimates,Body Suit,Details,Tertiary,10%
intimates,Body Suit,Lower,Secondary,50%
intimates,Body Suit,Other,Tertiary,0%
intimates,Body Suit,Lining and Insole,Tertiary,30%
intimates,Body Suit,Back,Secondary,50%
intimates,Body Suit,Gusset Lining,Tertiary,10%
intimates,Body Suit,Wing,Tertiary,20%
intimates,Body Suit,All,Main,100%
intimates,Body Suit,Reverse,Secondary,50%
intimates,Body Suit,Strap,Tertiary,0%
intimates,Body Suit,Obverse,Secondary,50%
intimates,Body Suit,Secondary fabric,Tertiary,10%
intimates,Robe,Padding,Tertiary,20%
intimates,Robe,Cup Lining,Tertiary,0%
intimates,Robe,Shell,Main,100%
intimates,Robe,Net,Tertiary,0%
intimates,Robe,Upper,Secondary,50%
intimates,Robe,Side Part,Tertiary,25%
intimates,Robe,Lining,Tertiary,30%
intimates,Robe,Cup Lace,Tertiary,0%
intimates,Robe,Coating,Tertiary,5%
intimates,Robe,Lace,Tertiary,20%
intimates,Robe,Elastic Section,Tertiary,5%
intimates,Robe,Mesh,Tertiary,5%
intimates,Robe,Embroidery,Tertiary,10%
intimates,Robe,Front,Secondary,50%
intimates,Robe,Sole,Tertiary,0%
intimates,Robe,Waist,Secondary,0%
intimates,Robe,Wing Lining,Tertiary,0%
intimates,Robe,Details,Tertiary,10%
intimates,Robe,Lower,Secondary,50%
intimates,Robe,Other,Tertiary,0%
intimates,Robe,Lining and Insole,Tertiary,30%
intimates,Robe,Back,Secondary,50%
intimates,Robe,Gusset Lining,Tertiary,0%
intimates,Robe,Wing,Tertiary,0%
intimates,Robe,All,Main,100%
intimates,Robe,Reverse,Secondary,50%
intimates,Robe,Strap,Tertiary,10%
intimates,Robe,Obverse,Secondary,50%
intimates,Robe,Secondary fabric,Tertiary,10%
intimates,Camisole,Padding,Tertiary,20%
intimates,Camisole,Cup Lining,Tertiary,10%
intimates,Camisole,Shell,Main,100%
intimates,Camisole,Net,Tertiary,10%
intimates,Camisole,Upper,Secondary,50%
intimates,Camisole,Side Part,Tertiary,25%
intimates,Camisole,Lining,Tertiary,30%
intimates,Camisole,Cup Lace,Tertiary,10%
intimates,Camisole,Coating,Tertiary,5%
intimates,Camisole,Lace,Tertiary,15%
intimates,Camisole,Elastic Section,Tertiary,5%
intimates,Camisole,Mesh,Tertiary,10%
intimates,Camisole,Embroidery,Tertiary,10%
intimates,Camisole,Front,Secondary,50%
intimates,Camisole,Sole,Tertiary,0%
intimates,Camisole,Waist,Secondary,50%
intimates,Camisole,Wing Lining,Tertiary,5%
intimates,Camisole,Details,Tertiary,10%
intimates,Camisole,Lower,Secondary,50%
intimates,Camisole,Other,Tertiary,0%
intimates,Camisole,Lining and Insole,Tertiary,30%
intimates,Camisole,Back,Secondary,50%
intimates,Camisole,Gusset Lining,Tertiary,10%
intimates,Camisole,Wing,Tertiary,20%
intimates,Camisole,All,Main,100%
intimates,Camisole,Reverse,Secondary,50%
intimates,Camisole,Strap,Tertiary,0%
intimates,Camisole,Obverse,Secondary,50%
intimates,Camisole,Secondary fabric,Tertiary,10%
intimates,Corset,Padding,Tertiary,20%
intimates,Corset,Cup Lining,Tertiary,10%
intimates,Corset,Shell,Main,100%
intimates,Corset,Net,Tertiary,10%
intimates,Corset,Upper,Secondary,50%
intimates,Corset,Side Part,Tertiary,25%
intimates,Corset,Lining,Tertiary,30%
intimates,Corset,Cup Lace,Tertiary,10%
intimates,Corset,Coating,Tertiary,5%
intimates,Corset,Lace,Tertiary,15%
intimates,Corset,Elastic Section,Tertiary,5%
intimates,Corset,Mesh,Tertiary,10%
intimates,Corset,Embroidery,Tertiary,10%
intimates,Corset,Front,Secondary,50%
intimates,Corset,Sole,Tertiary,0%
intimates,Corset,Waist,Secondary,50%
intimates,Corset,Wing Lining,Tertiary,5%
intimates,Corset,Details,Tertiary,10%
intimates,Corset,Lower,Secondary,50%
intimates,Corset,Other,Tertiary,5%
intimates,Corset,Lining and Insole,Tertiary,30%
intimates,Corset,Back,Secondary,50%
intimates,Corset,Gusset Lining,Tertiary,10%
intimates,Corset,Wing,Tertiary,20%
intimates,Corset,All,Main,100%
intimates,Corset,Reverse,Secondary,50%
intimates,Corset,Strap,Tertiary,0%
intimates,Corset,Obverse,Secondary,50%
intimates,Corset,Secondary fabric,Tertiary,10%
intimates,Tights/Socks,Padding,Tertiary,0%
intimates,Tights/Socks,Cup Lining,Tertiary,0%
intimates,Tights/Socks,Shell,Main,100%
intimates,Tights/Socks,Net,Tertiary,50%
intimates,Tights/Socks,Upper,Secondary,50%
intimates,Tights/Socks,Side Part,Tertiary,25%
intimates,Tights/Socks,Lining,Tertiary,30%
intimates,Tights/Socks,Cup Lace,Tertiary,0%
intimates,Tights/Socks,Coating,Tertiary,5%
intimates,Tights/Socks,Lace,Tertiary,30%
intimates,Tights/Socks,Elastic Section,Tertiary,20%
intimates,Tights/Socks,Mesh,Tertiary,30%
intimates,Tights/Socks,Embroidery,Tertiary,10%
intimates,Tights/Socks,Front,Secondary,50%
intimates,Tights/Socks,Sole,Tertiary,0%
intimates,Tights/Socks,Waist,Tertiary,10%
intimates,Tights/Socks,Wing Lining,Tertiary,0%
intimates,Tights/Socks,Details,Tertiary,10%
intimates,Tights/Socks,Lower,Secondary,50%
intimates,Tights/Socks,Other,Tertiary,5%
intimates,Tights/Socks,Lining and Insole,Tertiary,30%
intimates,Tights/Socks,Back,Secondary,50%
intimates,Tights/Socks,Gusset Lining,Tertiary,5%
intimates,Tights/Socks,Wing,Tertiary,0%
intimates,Tights/Socks,All,Main,100%
intimates,Tights/Socks,Reverse,Secondary,50%
intimates,Tights/Socks,Strap,Tertiary,0%
intimates,Tights/Socks,Obverse,Secondary,50%
intimates,Tights/Socks,Secondary fabric,Tertiary,10%
swimwear,Bikini Top,Embroidery,Tertiary,10%
swimwear,Bikini Top,Lining and Insole,Tertiary,40%
swimwear,Bikini Top,Padding,Tertiary,20%
swimwear,Bikini Top,Frill,Tertiary,10%
swimwear,Bikini Top,Cup Lining,Tertiary,15%
swimwear,Bikini Top,Shell,Main,100%
swimwear,Bikini Top,Net,Tertiary,20%
swimwear,Bikini Top,Inner Layer,Tertiary,40%
swimwear,Bikini Top,Gusset Lining,Tertiary,10%
swimwear,Bikini Top,Lining,Tertiary,40%
swimwear,Bikini Top,All,Main,100%
swimwear,Bikini Top,Upper,Secondary,50%
swimwear,Bikini Top,Lower,Secondary,50%
swimwear,Bikini Top,Front,Secondary,50%
swimwear,Bikini Top,Back,Secondary,50%
swimwear,Bikini Top,Reverse,Secondary,50%
swimwear,Bikini Top,Strap,Tertiary,15%
swimwear,Bikini Top,Obverse,Secondary,50%
swimwear,Bikini Top,Secondary fabric,Tertiary,10%
swimwear,Bikini Bottom,Lining and Insole,Tertiary,40%
swimwear,Bikini Bottom,Padding,Tertiary,20%
swimwear,Bikini Bottom,Frill,Tertiary,10%
swimwear,Bikini Bottom,Cup Lining,Tertiary,0%
swimwear,Bikini Bottom,Shell,Main,100%
swimwear,Bikini Bottom,Net,Tertiary,20%
swimwear,Bikini Bottom,Inner Layer,Tertiary,40%
swimwear,Bikini Bottom,Gusset Lining,Tertiary,10%
swimwear,Bikini Bottom,Lining,Tertiary,40%
swimwear,Bikini Bottom,All,Main,100%
swimwear,Bikini Bottom,Upper,Secondary,50%
swimwear,Bikini Bottom,Lower,Secondary,50%
swimwear,Bikini Bottom,Front,Secondary,50%
swimwear,Bikini Bottom,Back,Secondary,50%
swimwear,Bikini Bottom,Reverse,Secondary,50%
swimwear,Bikini Bottom,Strap,Tertiary,0%
swimwear,Bikini Bottom,Obverse,Secondary,50%
swimwear,Bikini Bottom,Secondary fabric,Tertiary,10%
swimwear,One-Piece,Lining and Insole,Tertiary,40%
swimwear,One-Piece,Padding,Tertiary,20%
swimwear,One-Piece,Frill,Tertiary,10%
swimwear,One-Piece,Cup Lining,Tertiary,15%
swimwear,One-Piece,Shell,Main,100%
swimwear,One-Piece,Net,Tertiary,20%
swimwear,One-Piece,Inner Layer,Tertiary,40%
swimwear,One-Piece,Gusset Lining,Tertiary,10%
swimwear,One-Piece,Lining,Tertiary,40%
swimwear,One-Piece,All,Main,100%
swimwear,One-Piece,Upper,Secondary,50%
swimwear,One-Piece,Lower,Secondary,50%
swimwear,One-Piece,Front,Secondary,50%
swimwear,One-Piece,Back,Secondary,50%
swimwear,One-Piece,Reverse,Secondary,50%
swimwear,One-Piece,Strap,Tertiary,10%
swimwear,One-Piece,Obverse,Secondary,50%
swimwear,One-Piece,Secondary fabric,Tertiary,10%
swimwear,Trunks,Lining and Insole,Tertiary,30%
swimwear,Trunks,Padding,Tertiary,0%
swimwear,Trunks,Frill,Tertiary,10%
swimwear,Trunks,Cup Lining,Tertiary,0%
swimwear,Trunks,Shell,Main,100%
swimwear,Trunks,Net,Tertiary,30%
swimwear,Trunks,Inner Layer,Tertiary,30%
swimwear,Trunks,Gusset Lining,Tertiary,10%
swimwear,Trunks,Lining,Tertiary,30%
swimwear,Trunks,All,Main,100%
swimwear,Trunks,Upper,Secondary,50%
swimwear,Trunks,Lower,Secondary,50%
swimwear,Trunks,Front,Secondary,50%
swimwear,Trunks,Back,Secondary,50%
swimwear,Trunks,Reverse,Secondary,50%
swimwear,Trunks,Strap,Tertiary,0%
swimwear,Trunks,Obverse,Secondary,50%
swimwear,Trunks,Secondary fabric,Tertiary,10%
swimwear,Wraps/Cover Ups,Lining and Insole,Tertiary,30%
swimwear,Wraps/Cover Ups,Padding,Tertiary,0%
swimwear,Wraps/Cover Ups,Frill,Tertiary,20%
swimwear,Wraps/Cover Ups,Cup Lining,Tertiary,0%
swimwear,Wraps/Cover Ups,Shell,Main,100%
swimwear,Wraps/Cover Ups,Net,Tertiary,30%
swimwear,Wraps/Cover Ups,Inner Layer,Tertiary,30%
swimwear,Wraps/Cover Ups,Gusset Lining,Tertiary,10%
swimwear,Wraps/Cover Ups,Lining,Tertiary,30%
swimwear,Wraps/Cover Ups,All,Main,100%
swimwear,Wraps/Cover Ups,Upper,Secondary,50%
swimwear,Wraps/Cover Ups,Lower,Secondary,50%
swimwear,Wraps/Cover Ups,Front,Secondary,50%
swimwear,Wraps/Cover Ups,Back,Secondary,50%
swimwear,Wraps/Cover Ups,Reverse,Secondary,50%
swimwear,Wraps/Cover Ups,Strap,Tertiary,10%
swimwear,Wraps/Cover Ups,Obverse,Secondary,50%
swimwear,Wraps/Cover Ups,Secondary fabric,Tertiary,10%
headgear,Caps,Padding,Tertiary,15%
headgear,Caps,Shell,Main,100%
headgear,Caps,Faux Fur,Tertiary,10%
headgear,Caps,Details,Tertiary,10%
headgear,Caps,Ribbon,Tertiary,10%
headgear,Caps,Inner Layer,Tertiary,30%
headgear,Caps,Lining,Tertiary,30%
headgear,Caps,Mesh,Tertiary,20%
headgear,Caps,All,Main,100%
headgear,Caps,Reverse,Secondary,50%
headgear,Caps,Strap,Tertiary,10%
headgear,Caps,Obverse,Secondary,50%
headgear,Caps,Secondary fabric,Tertiary,10%
headgear,Brimmed Hats,Padding,Tertiary,15%
headgear,Brimmed Hats,Embroidery,Tertiary,10%
headgear,Brimmed Hats,Elastic Section,Tertiary,5%
headgear,Brimmed Hats,Shell,Main,100%
headgear,Brimmed Hats,Faux Fur,Tertiary,10%
headgear,Brimmed Hats,Details,Tertiary,10%
headgear,Brimmed Hats,Ribbon,Tertiary,10%
headgear,Brimmed Hats,Inner Layer,Tertiary,30%
headgear,Brimmed Hats,Lining,Tertiary,30%
headgear,Brimmed Hats,Mesh,Tertiary,20%
headgear,Brimmed Hats,All,Main,100%
headgear,Brimmed Hats,Reverse,Secondary,50%
headgear,Brimmed Hats,Strap,Tertiary,0%
headgear,Brimmed Hats,Obverse,Secondary,50%
headgear,Brimmed Hats,Secondary fabric,Tertiary,10%
headgear,Beanies,Shell,Main,100%
headgear,Beanies,Faux Fur,Tertiary,10%
headgear,Beanies,Details,Tertiary,10%
headgear,Beanies,Ribbon,Tertiary,10%
headgear,Beanies,Inner Layer,Tertiary,30%
headgear,Beanies,Lining,Tertiary,30%
headgear,Beanies,Mesh,Tertiary,20%
headgear,Beanies,All,Main,100%
headgear,Beanies,Reverse,Secondary,50%
headgear,Beanies,Strap,Tertiary,0%
headgear,Beanies,Obverse,Secondary,50%
headgear,Beanies,Secondary fabric,Tertiary,10%
headgear,Berets,Shell,Main,100%
headgear,Berets,Faux Fur,Tertiary,10%
headgear,Berets,Details,Tertiary,10%
headgear,Berets,Ribbon,Tertiary,10%
headgear,Berets,Inner Layer,Tertiary,40%
headgear,Berets,Lining,Tertiary,30%
headgear,Berets,Mesh,Tertiary,20%
headgear,Berets,All,Main,100%
headgear,Berets,Reverse,Secondary,50%
headgear,Berets,Strap,Tertiary,0%
headgear,Berets,Obverse,Secondary,50%
headgear,Berets,Secondary fabric,Tertiary,10%
bag,Backpack,Padding,Tertiary,15%
bag,Backpack,Shell,Main,100%
bag,Backpack,Coating,Tertiary,5%
bag,Backpack,Details,Tertiary,10%
bag,Backpack,Upper,Secondary,50%
bag,Backpack,Lining,Tertiary,30%
bag,Backpack,Vest Shell,Tertiary,0%
bag,Backpack,All,Main,100%
bag,Backpack,Reverse,Secondary,50%
bag,Backpack,Strap,Tertiary,15%
bag,Backpack,Obverse,Secondary,50%
bag,Backpack,Secondary fabric,Tertiary,10%
bag,Handbag,Padding,Tertiary,20%
bag,Handbag,Shell,Main,100%
bag,Handbag,Coating,Tertiary,5%
bag,Handbag,Details,Tertiary,10%
bag,Handbag,Upper,Secondary,50%
bag,Handbag,Lining,Tertiary,30%
bag,Handbag,Vest Shell,Tertiary,0%
bag,Handbag,All,Main,100%
bag,Handbag,Reverse,Secondary,50%
bag,Handbag,Strap,Tertiary,15%
bag,Handbag,Obverse,Secondary,50%
bag,Handbag,Secondary fabric,Tertiary,10%
bag,Travel Bag,Padding,Tertiary,20%
bag,Travel Bag,Shell,Main,100%
bag,Travel Bag,Coating,Tertiary,5%
bag,Travel Bag,Details,Tertiary,10%
bag,Travel Bag,Upper,Secondary,50%
bag,Travel Bag,Lining,Tertiary,30%
bag,Travel Bag,Vest Shell,Tertiary,0%
bag,Travel Bag,All,Main,100%
bag,Travel Bag,Reverse,Secondary,50%
bag,Travel Bag,Strap,Tertiary,10%
bag,Travel Bag,Obverse,Secondary,50%
bag,Travel Bag,Secondary fabric,Tertiary,10%
bag,Crossbody Bag,Padding,Tertiary,20%
bag,Crossbody Bag,Shell,Main,100%
bag,Crossbody Bag,Coating,Tertiary,5%
bag,Crossbody Bag,Details,Tertiary,10%
bag,Crossbody Bag,Upper,Secondary,50%
bag,Crossbody Bag,Lining,Tertiary,30%
bag,Crossbody Bag,Vest Shell,Tertiary,0%
bag,Crossbody Bag,All,Main,100%
bag,Crossbody Bag,Reverse,Secondary,50%
bag,Crossbody Bag,Strap,Tertiary,15%
bag,Crossbody Bag,Obverse,Secondary,50%
bag,Crossbody Bag,Secondary fabric,Tertiary,10%
bag,Shoulder Bag,Padding,Tertiary,20%
bag,Shoulder Bag,Shell,Main,100%
bag,Shoulder Bag,Coating,Tertiary,5%
bag,Shoulder Bag,Details,Tertiary,10%
bag,Shoulder Bag,Upper,Secondary,50%
bag,Shoulder Bag,Lining,Tertiary,30%
bag,Shoulder Bag,Vest Shell,Tertiary,0%
bag,Shoulder Bag,All,Main,100%
bag,Shoulder Bag,Reverse,Secondary,50%
bag,Shoulder Bag,Strap,Tertiary,15%
bag,Shoulder Bag,Obverse,Secondary,50%
bag,Shoulder Bag,Secondary fabric,Tertiary,10%
bag,Mini Bag,Padding,Tertiary,20%
bag,Mini Bag,Shell,Main,100%
bag,Mini Bag,Coating,Tertiary,5%
bag,Mini Bag,Details,Tertiary,10%
bag,Mini Bag,Upper,Secondary,50%
bag,Mini Bag,Lining,Tertiary,30%
bag,Mini Bag,Vest Shell,Tertiary,0%
bag,Mini Bag,All,Main,100%
bag,Mini Bag,Reverse,Secondary,50%
bag,Mini Bag,Strap,Tertiary,15%
bag,Mini Bag,Obverse,Secondary,50%
bag,Mini Bag,Secondary fabric,Tertiary,10%
bag,Bucket Bag,Padding,Tertiary,20%
bag,Bucket Bag,Shell,Main,100%
bag,Bucket Bag,Coating,Tertiary,5%
bag,Bucket Bag,Details,Tertiary,10%
bag,Bucket Bag,Upper,Secondary,50%
bag,Bucket Bag,Lining,Tertiary,30%
bag,Bucket Bag,Vest Shell,Tertiary,0%
bag,Bucket Bag,All,Main,100%
bag,Bucket Bag,Reverse,Secondary,50%
bag,Bucket Bag,Strap,Tertiary,15%
bag,Bucket Bag,Obverse,Secondary,50%
bag,Bucket Bag,Secondary fabric,Tertiary,10%
bag,Tote Bag,Padding,Tertiary,20%
bag,Tote Bag,Shell,Main,100%
bag,Tote Bag,Coating,Tertiary,5%
bag,Tote Bag,Details,Tertiary,10%
bag,Tote Bag,Upper,Secondary,50%
bag,Tote Bag,Lining,Tertiary,30%
bag,Tote Bag,Vest Shell,Tertiary,0%
bag,Tote Bag,All,Main,100%
bag,Tote Bag,Reverse,Secondary,50%
bag,Tote Bag,Strap,Tertiary,10%
bag,Tote Bag,Obverse,Secondary,50%
bag,Tote Bag,Secondary fabric,Tertiary,10%
shoes,Sneakers,Lining and Insole,Tertiary,20%
shoes,Sneakers,Sole,Secondary,50%
shoes,Sneakers,Upper,Secondary,50%
shoes,Sneakers,Faux Fur,Tertiary,10%
shoes,Sneakers,Shell,Main,100%
shoes,Sneakers,Sock,Secondary,50%
shoes,Sneakers,Lining,Tertiary,20%
shoes,Sneakers,Mesh,Tertiary,20%
shoes,Sneakers,All,Main,100%
shoes,Sneakers,Tongue,Tertiary,15%
shoes,Sneakers,Reverse,Secondary,50%
shoes,Sneakers,Strap,Tertiary,5%
shoes,Sneakers,Obverse,Secondary,50%
shoes,Sneakers,Secondary fabric,Tertiary,10%
shoes,Boots,Lining and Insole,Tertiary,20%
shoes,Boots,Sole,Secondary,40%
shoes,Boots,Upper,Secondary,60%
shoes,Boots,Faux Fur,Tertiary,10%
shoes,Boots,Shell,Main,100%
shoes,Boots,Sock,Secondary,60%
shoes,Boots,Lining,Tertiary,20%
shoes,Boots,Mesh,Tertiary,20%
shoes,Boots,All,Main,100%
shoes,Boots,Tongue,Tertiary,15%
shoes,Boots,Reverse,Secondary,50%
shoes,Boots,Strap,Tertiary,5%
shoes,Boots,Obverse,Secondary,50%
shoes,Boots,Secondary fabric,Tertiary,10%
shoes,Sandals,Lining and Insole,Tertiary,20%
shoes,Sandals,Sole,Secondary,60%
shoes,Sandals,Upper,Secondary,40%
shoes,Sandals,Faux Fur,Tertiary,10%
shoes,Sandals,Shell,Main,100%
shoes,Sandals,Sock,Secondary,40%
shoes,Sandals,Lining,Tertiary,20%
shoes,Sandals,Mesh,Tertiary,20%
shoes,Sandals,All,Main,100%
shoes,Sandals,Tongue,Tertiary,15%
shoes,Sandals,Reverse,Secondary,50%
shoes,Sandals,Strap,Tertiary,25%
shoes,Sandals,Obverse,Secondary,50%
shoes,Sandals,Secondary fabric,Tertiary,10%
shoes,Heels,Lining and Insole,Tertiary,20%
shoes,Heels,Sole,Secondary,50%
shoes,Heels,Upper,Secondary,50%
shoes,Heels,Faux Fur,Tertiary,10%
shoes,Heels,Shell,Main,100%
shoes,Heels,Sock,Secondary,50%
shoes,Heels,Lining,Tertiary,20%
shoes,Heels,Mesh,Tertiary,20%
shoes,Heels,All,Main,100%
shoes,Heels,Tongue,Tertiary,15%
shoes,Heels,Reverse,Secondary,50%
shoes,Heels,Strap,Tertiary,25%
shoes,Heels,Obverse,Secondary,50%
shoes,Heels,Secondary fabric,Tertiary,10%
shoes,Wedge Heels,Lining and Insole,Tertiary,20%
shoes,Wedge Heels,Sole,Secondary,60%
shoes,Wedge Heels,Upper,Secondary,40%
shoes,Wedge Heels,Faux Fur,Tertiary,10%
shoes,Wedge Heels,Shell,Main,100%
shoes,Wedge Heels,Sock,Secondary,40%
shoes,Wedge Heels,Lining,Tertiary,20%
shoes,Wedge Heels,Mesh,Tertiary,20%
shoes,Wedge Heels,All,Main,100%
shoes,Wedge Heels,Tongue,Tertiary,15%
shoes,Wedge Heels,Reverse,Secondary,50%
shoes,Wedge Heels,Strap,Tertiary,20%
shoes,Wedge Heels,Obverse,Secondary,50%
shoes,Wedge Heels,Secondary fabric,Tertiary,10%
shoes,Flat Shoes,Lining and Insole,Tertiary,20%
shoes,Flat Shoes,Sole,Secondary,50%
shoes,Flat Shoes,Upper,Secondary,50%
shoes,Flat Shoes,Faux Fur,Tertiary,10%
shoes,Flat Shoes,Shell,Main,100%
shoes,Flat Shoes,Sock,Secondary,50%
shoes,Flat Shoes,Lining,Tertiary,20%
shoes,Flat Shoes,Mesh,Tertiary,20%
shoes,Flat Shoes,All,Main,100%
shoes,Flat Shoes,Tongue,Tertiary,15%
shoes,Flat Shoes,Reverse,Secondary,50%
shoes,Flat Shoes,Strap,Tertiary,5%
shoes,Flat Shoes,Obverse,Secondary,50%
shoes,Flat Shoes,Secondary fabric,Tertiary,10%
shoes,Clog Shoes,Lining and Insole,Tertiary,20%
shoes,Clog Shoes,Sole,Secondary,60%
shoes,Clog Shoes,Upper,Secondary,40%
shoes,Clog Shoes,Faux Fur,Tertiary,10%
shoes,Clog Shoes,Shell,Main,100%
shoes,Clog Shoes,Sock,Secondary,40%
shoes,Clog Shoes,Lining,Tertiary,20%
shoes,Clog Shoes,Mesh,Tertiary,20%
shoes,Clog Shoes,All,Main,100%
shoes,Clog Shoes,Tongue,Tertiary,15%
shoes,Clog Shoes,Reverse,Secondary,50%
shoes,Clog Shoes,Strap,Tertiary,0%
shoes,Clog Shoes,Obverse,Secondary,50%
shoes,Clog Shoes,Secondary fabric,Tertiary,10%
accessories,Belts,Container,Tertiary,0%
accessories,Belts,Other,Tertiary,5%
accessories,Belts,Padding,Tertiary,10%
accessories,Belts,Shell,Main,100%
accessories,Belts,Coating,Tertiary,5%
accessories,Belts,Details,Tertiary,10%
accessories,Belts,Lens,Secondary,0%
accessories,Belts,Frame,Secondary,0%
accessories,Belts,Elastic Section,Tertiary,20%
accessories,Belts,Palm,Tertiary,0%
accessories,Belts,Lining,Tertiary,20%
accessories,Belts,All,Main,100%
accessories,Belts,Reverse,Secondary,50%
accessories,Belts,Strap,Main,100%
accessories,Belts,Obverse,Secondary,50%
accessories,Belts,Secondary fabric,Tertiary,10%
accessories,Wallets,Container,Tertiary,0%
accessories,Wallets,Other,Tertiary,5%
accessories,Wallets,Padding,Tertiary,10%
accessories,Wallets,Shell,Main,100%
accessories,Wallets,Coating,Tertiary,5%
accessories,Wallets,Details,Tertiary,10%
accessories,Wallets,Lens,Secondary,0%
accessories,Wallets,Frame,Tertiary,10%
accessories,Wallets,Elastic Section,Tertiary,5%
accessories,Wallets,Palm,Tertiary,0%
accessories,Wallets,Lining,Tertiary,20%
accessories,Wallets,All,Main,100%
accessories,Wallets,Reverse,Secondary,50%
accessories,Wallets,Strap,Tertiary,10%
accessories,Wallets,Obverse,Secondary,50%
accessories,Wallets,Secondary fabric,Tertiary,10%
accessories,Suspenders,Container,Tertiary,0%
accessories,Suspenders,Other,Tertiary,5%
accessories,Suspenders,Padding,Tertiary,0%
accessories,Suspenders,Shell,Main,100%
accessories,Suspenders,Coating,Tertiary,5%
accessories,Suspenders,Details,Tertiary,10%
accessories,Suspenders,Lens,Tertiary,0%
accessories,Suspenders,Frame,Tertiary,0%
accessories,Suspenders,Elastic Section,Secondary,70%
accessories,Suspenders,Palm,Tertiary,0%
accessories,Suspenders,Lining,Tertiary,20%
accessories,Suspenders,All,Main,100%
accessories,Suspenders,Reverse,Secondary,50%
accessories,Suspenders,Strap,Main,100%
accessories,Suspenders,Obverse,Secondary,50%
accessories,Suspenders,Secondary fabric,Tertiary,10%
accessories,Gloves,Container,Tertiary,0%
accessories,Gloves,Other,Tertiary,5%
accessories,Gloves,Padding,Tertiary,20%
accessories,Gloves,Shell,Main,100%
accessories,Gloves,Coating,Tertiary,5%
accessories,Gloves,Details,Tertiary,10%
accessories,Gloves,Lens,Tertiary,0%
accessories,Gloves,Frame,Tertiary,0%
accessories,Gloves,Elastic Section,Tertiary,15%
accessories,Gloves,Palm,Tertiary,20%
accessories,Gloves,Lining,Tertiary,30%
accessories,Gloves,All,Main,100%
accessories,Gloves,Reverse,Secondary,50%
accessories,Gloves,Strap,Tertiary,10%
accessories,Gloves,Obverse,Secondary,50%
accessories,Gloves,Secondary fabric,Tertiary,10%
accessories,Scarves,Container,Tertiary,0%
accessories,Scarves,Other,Tertiary,5%
accessories,Scarves,Padding,Tertiary,20%
accessories,Scarves,Shell,Main,100%
accessories,Scarves,Coating,Tertiary,5%
accessories,Scarves,Details,Tertiary,10%
accessories,Scarves,Lens,Tertiary,0%
accessories,Scarves,Frame,Tertiary,0%
accessories,Scarves,Elastic Section,Tertiary,10%
accessories,Scarves,Palm,Tertiary,20%
accessories,Scarves,Lining,Tertiary,30%
accessories,Scarves,All,Main,100%
accessories,Scarves,Reverse,Secondary,50%
accessories,Scarves,Strap,Tertiary,0%
accessories,Scarves,Obverse,Secondary,50%
accessories,Scarves,Secondary fabric,Tertiary,10%
accessories,Jewelry,Embroidery,Tertiary,10%
accessories,Jewelry,Container,Tertiary,0%
accessories,Jewelry,Other,Tertiary,5%
accessories,Jewelry,Padding,Tertiary,0%
accessories,Jewelry,Shell,Main,100%
accessories,Jewelry,Coating,Tertiary,5%
accessories,Jewelry,Details,Tertiary,10%
accessories,Jewelry,Lens,Tertiary,0%
accessories,Jewelry,Frame,Tertiary,0%
accessories,Jewelry,Elastic Section,Tertiary,10%
accessories,Jewelry,Palm,Tertiary,0%
accessories,Jewelry,Lining,Tertiary,30%
accessories,Jewelry,All,Main,100%
accessories,Jewelry,Reverse,Secondary,50%
accessories,Jewelry,Strap,Tertiary,0%
accessories,Jewelry,Obverse,Secondary,50%
accessories,Jewelry,Secondary fabric,Tertiary,10%
accessories,Glasses/Sunglasses,Container,Tertiary,0%
accessories,Glasses/Sunglasses,Other,Tertiary,5%
accessories,Glasses/Sunglasses,Padding,Tertiary,0%
accessories,Glasses/Sunglasses,Shell,Main,100%
accessories,Glasses/Sunglasses,Coating,Tertiary,10%
accessories,Glasses/Sunglasses,Details,Tertiary,10%
accessories,Glasses/Sunglasses,Lens,Secondary,50%
accessories,Glasses/Sunglasses,Frame,Secondary,50%
accessories,Glasses/Sunglasses,Elastic Section,Tertiary,0%
accessories,Glasses/Sunglasses,Palm,Tertiary,0%
accessories,Glasses/Sunglasses,Lining,Tertiary,0%
accessories,Glasses/Sunglasses,All,Main,100%
accessories,Glasses/Sunglasses,Reverse,Secondary,50%
accessories,Glasses/Sunglasses,Strap,Tertiary,15%
accessories,Glasses/Sunglasses,Obverse,Secondary,50%
accessories,Glasses/Sunglasses,Secondary fabric,Tertiary,10%
accessories,Hair Accessories,All,Main,100%
accessories,Hair Accessories,Front,Secondary,50%
accessories,Hair Accessories,Back,Secondary,50%
accessories,Hair Accessories,Container,Tertiary,0%
accessories,Hair Accessories,Other,Tertiary,5%
accessories,Hair Accessories,Padding,Tertiary,0%
accessories,Hair Accessories,Shell,Main,100%
accessories,Hair Accessories,Coating,Tertiary,10%
accessories,Hair Accessories,Details,Tertiary,10%
accessories,Hair Accessories,Lens,Tertiary,0%
accessories,Hair Accessories,Frame,Tertiary,0%
accessories,Hair Accessories,Elastic Section,Tertiary,15%
accessories,Hair Accessories,Palm,Tertiary,0%
accessories,Hair Accessories,Lining,Tertiary,30%
accessories,Hair Accessories,Reverse,Secondary,50%
accessories,Hair Accessories,Strap,Tertiary,15%
accessories,Hair Accessories,Obverse,Secondary,50%
accessories,Hair Accessories,Secondary fabric,Tertiary,10%
pajamas,Pajamas,Upper,Secondary,50%
pajamas,Pajamas,Shell,Main,100%
pajamas,Pajamas,Lace,Tertiary,30%
pajamas,Pajamas,Elastic Section,Tertiary,10%
pajamas,Pajamas,Lower,Secondary,50%
pajamas,Pajamas,All,Main,100%
pajamas,Pajamas,Reverse,Secondary,50%
pajamas,Pajamas,Strap,Tertiary,0%
pajamas,Pajamas,Obverse,Secondary,50%
pajamas,Pajamas,Secondary fabric,Tertiary,10%
pajamas,Nightgown,Upper,Secondary,50%
pajamas,Nightgown,Shell,Main,100%
pajamas,Nightgown,Lace,Tertiary,30%
pajamas,Nightgown,Elastic Section,Tertiary,10%
pajamas,Nightgown,Lower,Secondary,50%
pajamas,Nightgown,All,Main,100%
pajamas,Nightgown,Reverse,Secondary,50%
pajamas,Nightgown,Strap,Tertiary,0%
pajamas,Nightgown,Obverse,Secondary,50%
pajamas,Nightgown,Secondary fabric,Tertiary,10%